sample_id,text,label
llama-3-8b-instruct-0-8c7bc26209,"Hôm nay tôi đã có một ngày đầy ắp niềm vui. Tôi đi với những người bạn thân và chúng tôi có một bữa ăn tối tuyệt vời. Chúng tôi trò chuyện, cười và có một giờ phút thật vui vẻ. Tôi cảm thấy nhẹ hơn, như thể những phiền hức của mình đã được giải quyết. Tuy nhiên, điều kỳ diệu nhất là tôi cảm thấy mình đã trưởng thành hơn một chút, như thể tôi đã học được một bài học mới. Maybe it's because I've been taking care of myself lately, or maybe it's because I've been surrounding myself with good people, but whatever the reason, I'm grateful for this sense of growth and accomplishment.",
llama-3-8b-instruct-5-f833ba5c97,"Tôi vừa nhận được tin báo từ người thân trong gia đình. Tôi thật sự giật cả mình, không tin nổi vào tai mình. Phải đọc lại đến hai ba lần mới dám chắc là thật. Mẹ tôi gọi đến, nói rằng anh hai của tôi đã qua đời. Tôi cảm thấy như được đánh động, như người khác đã sống lại trong tôi. Rất lâu không có tin về anh, nhưng bây giờ tôi lại ngẫm về những kỷ niệm xưa. Sợ hãi và giật cả vẫn còn trong tôi, nhưng cũng có chút ấm áp trong tim.",
llama-3-8b-instruct-2-c728551fd7,"Tôi cứ không hiểu tại sao người khác lại không chịu lắng nghe mình. Mọi người cứ phả vào suy nghĩ rằng mình là người sai, dù mình đã giải thích nhiều lần rồi. Càng nghĩ càng tức, mình cảm thấy như thể được đẩy đến cùng biên giới. Nhiên, thế là mình cứ ngồi lại, không nói thêm nữa. Mình không cần ai khác nữa.",
qwen3-8b-2-2ac3d9f977,"Hôm nay mình thực sự giận dữ đến mức không còn kiểm soát được. Bị hiểu lầm vì mình không thèm giải thích, cứ như ai đó cố tình nghe sai, hiểu sai để rồi đổ lỗi cho mình. Mình muốn hét lên, muốn quay lưng lại, muốn bỏ đi thật xa, nhưng lại không biết mình có nên làm như vậy hay không. Cả ngày mình chỉ nghĩ đến chuyện đó, cảm giác như có thứ gì đó cào cấu bên trong, đau đớn và cay nghiệt. Mình thật sự mong muốn được lắng nghe, được thấu hiểu, nhưng nếu không có thì mình sẽ phải giữ im lặng, và để mọi thứ lắng xuống theo thời gian.",
qwen3-8b-0-442df78b90,"Hôm nay mình có một khoản tiền nhàn tênh từ cái dự án nhỏ mà mình vừa hoàn thành, nên mình quyết định dành cả buổi chiều để đi mua sắm. Không phải vì cần gì cụ thể, mà chỉ là muốn đi dạo quanh khu phố, chọn một vài món đồ nhỏ xinh xắn để làm mới không gian sống. Mình đi từ chiều đến tối, mua vài cuốn sách, một cái chăn ấm và một cái ly sứ đẹp. Mình cảm thấy thật sự hạnh phúc khi có thể chi tiêu một cách thoải mái, không lo lắng, không phải tính toán từng đồng. Nhìn vào những thứ mình mua, mình thấy mình đang sống thật tốt, và cảm giác đó rất tuyệt.",
qwen3-8b-6-7af371f314,"Hôm nay tôi đã hoàn thành một việc nhỏ mà mình nghĩ rằng mình sẽ không làm được. Tôi không nói là thành công lớn, chỉ là một điều đơn giản, nhưng khi nhìn lại, thấy mình đã cố gắng và vượt qua sự ngại ngần của bản thân. Cảm giác đó khiến tôi nhận ra, đôi khi những điều tưởng chừng nhỏ nhất cũng đủ để làm cho ngày thêm ý nghĩa.",
llama-3-8b-instruct-1-d0615fff7c,"Mình ngồi ở cạnh cửa sổ, ngắm nhìn chiều tối. Cảm giác chán nản, không muốn làm gì. nghĩ lại chuyện lúc sáng, thấy những câu chuyện của mình với anh, những giấc mơ, những niềm tin. Đang tưởng anh sẽ quay lại, sẽ nói với mình, sẽ chia sẻ những điều đó. Nhưng giờ anh không còn là ai, và mình lại phải tiếp tục sống trong những giấc mơ, trong những nấc vọng.

Mình không biết vì sao mình lại buồn thế, vì sao mình lại nhớ anh đến như thế. Dường như mình không thể quên được anh, không thể quên được những giấc mơ của mình với anh. Mình đã nghĩ rằng anh sẽ quay lại, nhưng giờ mình lại phải chấp nhận rằng anh đã đi, và mình không thể làm gì để thay đổi điều đó. Mình chỉ có thể nhớ anh, và sống trong những giấc mơ của mình với anh.",
qwen3-8b-2-d7298d6873,"Buổi sáng nay tôi phải ngồi vào bàn làm việc với một tâm trạng như đang mang trong người một quả bom. Nguyên nhân là vì mình đã giải thích rõ ràng, tỉ mỉ về cái lỗi trong file dữ liệu, nhưng không ai thèm nghe, cứ như thể mình đang nói chuyện với một bức tường vậy. Tôi chả biết nữa, có lẽ vì mình nói chuyện quá nhiều, nên cả phòng toàn lắc đầu như kiểu đang xem một bộ phim hài. Sáng nay tôi chỉ muốn ngồi im một mình, ăn từng miếng bánh mì kẹp thịt, và tự nhủ rằng mình sẽ không bao giờ nói chuyện nhiều như vậy nữa — cho dù trong công việc thì có phải cũng không.",
qwen3-8b-5-065f6f4c35,"Khi vừa mới mở cửa ra, tôi thấy anh ấy đứng đó, tay nắm chặt cửa như đợi lâu rồi. Cái cảm giác đó, như một cái kết thúc chưa kịp nói ra, khiến tim mình đập thình thịch mà không hiểu vì sao.",
qwen3-8b-3-0a27f108a6,"Tối qua, tôi thức đến gần sáng vì lo lắng về buổi thuyết trình ngày mai, sợ mình sẽ nói sai điều gì đó, sợ sự cố ngoài ý muốn xảy ra, khiến mọi thứ trở nên tồi tệ hơn mong đợi.",
qwen3-8b-5-481db69245,"Buổi sáng hôm nay trời mưa tầm tã, cứ như ai đó đang đổ nước lên đầu mình vậy, lạnh lùng và không chút cảm thông. Tôi đang bận rộn chuẩn bị cho ngày học, thì đột nhiên có một tin nhắn đến, khiến tôi ngay lập tức giật mình – không phải vì tin nhắn, mà vì người gửi. Một người quen từ năm xưa, giờ đã lâu không liên lạc, đột ngột xuất hiện trong tin nhắn với nội dung khiến tôi không thể tin vào mắt mình. Cái cảm giác như đang mơ, mà lại không phải là giấc mơ. Tôi lẩm cẩm trong đầu, vừa cười vừa khóc, vì sao lại đến lúc này, cái thời điểm tôi đang cố gắng tập trung để không trễ giờ học. Chắc là trời cũng muốn trêu tôi, khiến tôi phải cười, rồi lại thở dài, vì sự bất ngờ này thật sự là một cú sốc thật sự.",
llama-3-8b-instruct-0-871c9fb3ab,"Tạt về nhà với túi xách gần đầy. Hôm nay chúng tôi và đám bạn thân đi ăn, bỏ ra một chút tiền, nhưng quả thực giá trị. Tựa như không có tiền đâu, chúng tôi còn hơn thế. Nhiều chuyện có thể nói, nhiều cười có thể có. Tự nhiên thấy nhẹ, không còn lo lắng về tiền nữa.",
qwen3-8b-3-4b1f0db064,"Sáng nay đi chợ với mẹ, tôi cố gắng không cười khi bà mua cả thảy 5 kg hành tây, 3 kg cà chua và 2 kg dưa chuột — tất cả đều như thể chúng là một phần của chương trình ""Mua nhiều để giảm giá"". Tôi không biết mình đang đi mua đồ hay tham gia một cuộc thi ""Ai mua nhiều nhất"" cho gia đình.",
qwen3-8b-1-4ff526d7e6,"Mình mua cái áo đó hôm qua mà hôm nay mới thấy mình không cần, tiền cũng đã ra hết rồi, buồn luôn.",
qwen3-8b-4-32f6b55fc3,"Sáng nay trong lúc thực tập, mình bắt gặp một đồng nghiệp vừa ném một mẩu giấy bẩn ra sàn hành lang, không hề để ý đến sự phản cảm của hành vi đó. Cảm giác thật khó chịu, như thể cái sự vô tâm ấy đang chọc vào từng khớp xương trong lòng mình.",
qwen3-8b-0-3af11d0241,"Hôm nay mình có một khoảnh khắc thật sự đáng nhớ, dù có vẻ như là một sự cố ngoài ý muốn. Khi đang lướt mạng xã hội, mình vô tình lướt đến một nhóm bạn cũ, đột nhiên nhớ ra mình từng có một mối quan hệ kỳ cục với họ. Bỗng chốc, mình bị cuốn vào một cơn hoang tưởng, tưởng mình đang trở lại thời điểm ấy, cười đùa với họ như cũ. Cảm giác như mình đã được 'trở lại' một ngày nào đó, dù thực ra đó chỉ là một giấc mộng ngắn ngủi. Thật ra, mình cũng không hiểu vì sao lại thấy vui đến thế, có lẽ vì mình đã quá mệt mỏi với những thứ khác, nên khoảnh khắc ấy, dù là ảo, cũng khiến mình thấy nhẹ nhõm, như được giải phóng khỏi cái vỏ cứng nhắc của ngày.",
qwen3-8b-5-46f11ef65b,"Sáng nay đang ngồi làm bài trong công ty thì đột ngột bị trưởng phòng gọi đến văn phòng. Mình tưởng là có lỗi gì, nhưng không ngờ lại được thông báo mình đã được nhận vào làm thực tập chính thức. Đầu tiên là shock, tưởng mình nghe nhầm, phải kiểm tra lại email và tin nhắn vài lần. Cảm giác như mơ, nhưng khi thấy cái lịch làm việc và giấy nhận việc thì mình biết là thật. Nhìn đồng nghiệp thì ai nấy đều vui vẻ, có người còn chúc mừng. Mình chỉ biết cười, không hiểu sao lại cảm thấy hạnh phúc đến vậy.",
qwen3-8b-4-f8239ffe21,"Sáng nay, mình đã hoàn thành được một dự án nhỏ mà mình đã lăn lụy suốt tuần qua. Khi nhìn lại những gì mình đã làm, cảm giác buồn bã và ghê tởm bỗng trào lên. Thành công thật sự có thể đến, nhưng đôi khi mình thấy mình như đang gặm một thứ gì đó dở tệ, không có gì vui vẻ.",
qwen3-8b-1-7027b5bd87,"Hôm nay mình dậy muộn, đầu óc nặng như chèo nước, chân tay tê liệt như vừa qua trận. Không biết vì sao, chỉ là cảm giác mệt mỏi kéo dài, không muốn mở mắt, không muốn ăn uống. Mình tự hỏi liệu có phải vì mệt hay vì lòng mình đang trống rỗng, không còn cảm thấy gì cả.",
qwen3-8b-1-73caca1a26,"Tối nay mình không ngủ được, cứ nghĩ lại chuyện ấy, lòng như vỡ ra, buồn quá không biết làm sao. Mình không hiểu vì sao mình lại yếu đuối thế, nhưng có lẽ vì tình yêu ấy đã thật sự không còn, mà mình lại không dám đối mặt với sự thật.",
llama-3-8b-instruct-3-23f89580c0,"Tôi không bao giờ tin rằng ngày mai sẽ đến, nhưng lại lo lắng đến tận cỡ. Mẹ lại nói với tôi rằng cuộc sống là một chuỗi những quyết định, nhưng tôi lại không biết đâu là quyết định của mình. Giờ, tôi đang lo lắng đến việc đi học, đến việc chọn trường, đến việc chọn con đường học tập... Tất tần tật đều bị kiểm soát bởi quyết định của mình. Có khi nào tôi cảm thấy mình bị nhấn chìm trong những lo lắng đó. ðŸ¤¸",
llama-3-8b-instruct-1-75d172aee4,"Mẹ gọi tên tôi vào tối hôm qua, nhưng tôi không đáp. Cậu dâu họ đang ở lại nhà, và họ lại nói nhau. Tôi không hiểu sao, nhưng cảm giác trong lòng lại trào lên. Tôi không muốn nghe nữa, không muốn thấy họ nữa. Mẹ hỏi tôi tại sao tôi không đáp, tôi không biết trả lời. Cảm giác buồn lại đè lên, và tôi cứ ngồi đó, không dậy.

Tôi không hiểu tại sao họ lại nói nhau thế. Tôi không hiểu tại sao họ lại phải nói nhau. Tôi không hiểu tại sao họ lại không lại để tôi yên. Tôi cảm thấy buồn, mệt, và choáng. Tôi không muốn nghe nữa, tôi không muốn nói nữa. Cảm giác trong lòng cứ trào lên, và tôi cứ khóc.",
llama-3-8b-instruct-2-3d973e7d9d,"Tôi vừa đi khám bệnh và lại bị người khác giải thích sai. Càng tức hơn, chỉ muốn nói thẳng với họ nhưng không dám. Cảm giác như có lửa đốt trong người, khó để kiểm soát.",
llama-3-8b-instruct-2-5498923bb4,"Tôi cảm thấy giận tởm sau một cuộc họp khó khăn với một số công sự. Đến nay, tôi vẫn chưa thể hiểu lý do họ không chịu lắng nghe mình giải thích, dù tôi đã nói rất rõ ràng và cụ thể. Khi nghĩ về vấn đề này, tôi càng tức giận hơn. Tôi chỉ muốn đóng cửa lại và ngồi im một lúc để hạ hỏa. Nhưng sau cùng, tôi biết điều này không phải là giải pháp. Tôi phải tiếp tục làm việc và tìm cách vượt qua khó khăn này.",
qwen3-8b-0-479bdd00f0,"Hôm nay đi làm về thấy buồn quá, không biết vì sao. Dù đã cố gắng quên đi chuyện cũ nhưng cứ nghĩ đến anh ấy là tim như bị ai đó bóp nhẹ, hụt hana. Mình không hiểu vì sao lại để mình đau như thế, có lẽ vì anh ấy quá tốt, quá dịu dàng, khiến mình không thể gạt ra khỏi tâm trí. Buổi tối thì mình cố gắng cười, cố gắng làm như không sao, nhưng trong lòng thì đau thấu. Có những ngày mình muốn khóc, muốn chạy trốn, nhưng rồi lại cười, rồi lại cố gắng sống tiếp. Có lẽ mình cần phải học cách buông bỏ, nhưng sao lại khó thế nhỉ?",
llama-3-8b-instruct-3-b634c1de53,"Tôi lại lo lắng không yên như thường. Đùa với chuyện tương lai, xem xem mình sẽ làm gì sau này. Mẹo của mình không chuẩn bị kịp, sợ mọi thứ vượt ngoài tầm kiểm soát. Nhiệm vụ dự thi của trường chỉ còn vài tuần, và mình lại chưa có kế hoạch cụ thể. Tim mình đập nhanh, thần giã, lo lắng bận tâm. Càng nghĩ về tương lai, càng lo lắng hơn. Mình cần tìm cách tập trung, cần tìm cách giải quyết vấn đề. Mình cần tìm ra con đường cụ thể để hướng tới tương lai.",
llama-3-8b-instruct-1-75961dc968,"Máu ta chảy ảm đạm sau khi xem xét số tiền trong tài khoản. Lại thêm một tháng không có thu nhập, lại thêm một lần phải tính lãi vay. Nghiệp công tác ngày càng khó khăn, nhưng mình lại không dám suy nghĩ đến tương lai.",
llama-3-8b-instruct-3-885a1e02bf,"Tôi mới hoàn thành một đợt thực tập, nhưng cảm giác lo lắng vẫn còn đeo nặng trong tôi. Mớ thoughts cứ kéo tôi về tương lai, về những điều chưa chắc chắn. Vì sao lại phải lo lắng như vậy? Đừng có thể hiểu, nhưng tôi cứ mãi lo lắng về tương lai. Sợ mình không chuẩn bị kịp, sợ mọi thứ vượt ngoài tầm kiểm soát. Nhiên, tôi biết mình không thể thay đổi điều gì, nhưng con tim của tôi vẫn đập nhanh, như thể tôi đang nhớ về những điều lo lắng.",
qwen3-8b-3-f473aac9ff,"Tôi ngồi trước chiếc máy tính, tay run run khi lướt qua từng mục chi tiêu, cảm giác như đang đối mặt với một cuộc kiểm tra không hời hợt. Mỗi con số đều nhắc nhở tôi rằng thời gian đang trôi, và tôi chưa kịp bắt kịp nhịp sống của chính mình.",
qwen3-8b-3-78681a705b,"Tôi ngồi trong phòng trống vắng, tay nắm chặt tờ báo cáo còn nguyên vẹn, lòng đầy lo lắng. Mỗi lần nghĩ đến buổi họp sáng mai, tim lại như muốn trào lên, sợ mình không đủ sức để hoàn thành những gì đã hứa.",
llama-3-8b-instruct-2-6ef4641e3b,"Mẹ gọi điện nói mẹ ơi, mẹ lại dối với con. Cứ nói con có thể hiểu, nhưng thực ra mẹ lại không tin con. Con đã giải thích nhiều lần, nhưng mẹ lại không lắng nghe. Con thậm chí đã ngắt điện, nhưng mẹ lại không để con yên. Con chán nản, không biết mẹ có phải là ai.

Con nhớ ngày xưa, mẹ lại không tin con, con đã buồn lắm. Con cố gắng sống với hiện tại, nhưng con không thể quên. Con không thể quên lần mẹ lại dối với con. Con không thể quên mẹ lại không tin con. Con chán nản, con không biết mẹ có phải là ai. Con cảm thấy mình bị mẹ từ chối, con cảm thấy mình không được tin. Con cảm thấy mẹ lại không hiểu con. Con cảm thấy con không thể nào sống với mẹ.",
qwen3-8b-0-df3eabd89b,"Hôm nay tôi cảm thấy tinh thần mình thật sự nhẹ nhõm và thoải mái. Sau một ngày dài làm việc với nhiều áp lực, tôi đã dành thời gian nghỉ ngơi và chăm sóc bản thân, đặc biệt là tập thể dục nhẹ nhàng và ăn uống điều độ. Cảm giác cơ thể nhẹ nhõm sau khi vận động, cùng với việc được thưởng thức một bữa ăn đơn giản nhưng đầy đủ dinh dưỡng, khiến tôi nhận ra rằng chăm sóc sức khỏe không chỉ là trách nhiệm mà còn là cách để mình tận hưởng cuộc sống. Buổi tối, tôi ngồi xuống đọc một cuốn sách yêu thích, nghe tiếng nhạc dịu dàng và cảm thấy lòng mình thật sự thư giãn, như thể mỗi ngày đều là cơ hội để mình học cách sống chậm lại và trân trọng từng khoảnh khắc.",
qwen3-8b-5-f6f93e7ad1,"Sao lại được điểm cao thế này, mình còn tưởng mình làm sai hết cả mà. Rét lình hình khi thấy kết quả, không ngờ lại có được như thế.",
qwen3-8b-3-28f81aa44a,"Sáng nay mình thức dậy với cảm giác lo lắng không rõ nguyên nhân, cứ như có thứ gì đó đang chờ mình ở góc tối của cuộc đời. Mình không biết mình đang sợ điều gì, nhưng tim đập thình thịch, như thể đang chạy đua với thời gian mà không biết đích đến là gì.",
llama-3-8b-instruct-5-3e5621ab11,"Chợp lên khi nhận được tin tin mừng, cảm giác như giật cả mình. Có lẽ tôi đã không tin nổi vào tai mình nếu không đọc lại hai ba lần. ðŸ’•",
qwen3-8b-4-966c7e915f,"Tôi vẫn còn nhớ rõ hình ảnh đó, ánh mắt lạnh lùng của người em trai, những lời lẽ hằn học và sự lạnh nhạt trong cách anh ấy đối xử với mẹ. Có lẽ vì áp lực công việc, có lẽ vì mệt mỏi, nhưng điều đó không thể giấu được sự vô cảm của anh trong khoảnh khắc ấy. Cảm giác ghê rợn dâng lên từ bên trong, như thể cái nhìn của anh đã chạm vào tận sâu trong lòng tôi, khiến tôi không thể nào quên. Tình yêu gia đình tưởng chừng như đã bị xé toang, và điều đó khiến tôi thấy thật đau lòng. Tôi không hiểu sao, trong một mái nhà, người ta lại có thể để cho cảm xúc của mình lạnh nhạt đến thế.",
llama-3-8b-instruct-3-a3a8598c36,"Tôi ngồi trên giường, mắt nhìn hướng sang tường. Ngày hôm qua, tôi được chẩn đoán mắc bệnh. Giờ đây, tôi cảm thấy lo lắng không yên. Tôi lo lắng về tương lai, lo lắng về việc mình không thể trở lại khỏe mạnh như trước. Từng nghĩ đến ngày mai, tim lại đập nhanh. Tôi lo lắng về việc phải chịu đựng bệnh, lo lắng về việc phải thay đổi cuộc sống.",
qwen3-8b-0-f0a4c6e064,"Hôm nay, cả nhà cùng đi dạo ở công viên gần nhà, ngồi dưới bóng cây, nói chuyện, cười đùa, cảm giác thật nhẹ nhàng và dễ chịu. Mình thấy lòng mình như được nghỉ ngơi, tràn đầy niềm vui và bình yên.",
llama-3-8b-instruct-1-95d79b5567,"Tôi ngồi trên ghế, tay của tôi nắm chặt vào nhau, không biết nên làm gì. Thân của tôi đau đớn, như bị someone đánh giá thấp. Anh tôi gọi tôi nói chuyện, nhưng tôi không có muốn nghe. Tâm trí của tôi đầy rẫy những điều tồi tệ, không có thể bay thoát.",
llama-3-8b-instruct-1-13ed54f2ed,"Tôi vừa hoàn thành một nhiệm vụ nhỏ, nhưng không có cảm giác hân hạnh, chỉ cảm thấy nhẹ nhàng. Lẽ ra tôi nên xúc động hơn, nhưng lại cảm thấy như thể những công lao đó không mang lại kết quả gì.",
qwen3-8b-4-1efa7cc6e2,"Bữa trưa nay, cả nhà đang ăn, thì em thấy anh trai ném một miếng cơm vào cái bát của chị. Chị ấy kêu lên, mặt đỏ bừng, còn anh trai thì cười như không. Em thấy ghét nhất là cái cách họ làm như thể đó là chuyện vui, chứ không phải là làm tổn thương người khác.",
llama-3-8b-instruct-1-74d4433009,"Tôi lại ngồi trong im lặng, không có chút hứng thú nào. Cảm giác buồn ngột ngạt và sâu sắc cứ tràn lên, như một tảng đá chìm vào trong tim. Tôi không hiểu tại sao tôi lại cảm thấy như vậy, như thể toàn bộ thế giới đã biến mất khỏi tầm tay.

Nó có thể do những chuyện hồi tưởng vềesterday, những suy nghĩ và những cảm xúc sâu thẳm đã được đè ngã trong tôi. Tôi lại nhớ đến những lúc anh chị em tôi đã bỏ nhau, những lúc anh bỏ mẹ, những lúc mẹ lại đau ốm. Tất cả những thứ đã được lưu trữ trong tôi, và giờ nó đã trở thành một khối đá chìm trong tim tôi.

Tôi không muốn nghĩ về những điều cũ, nhưng tôi lại không thể quên. Nó cứ lơ lững trong tôi, như một đám mây đen che khu vực, không cho tôi có chút niềm tin về tương lai. Tất cả những điều đã qua, những điều sẽ qua, và tôi lại trở thành người bỏ đói, không có bất kỳ điều gì để tin tưởng.",
llama-3-8b-instruct-3-4107c10927,"Tôi vừa qua một ngày học tập rất dài và đầy căng. Cảm giác lo lắng trong tôi đã trở nên rõ ràng hơn bao giờ hết. Dường như cứ mỗi phút, cứ mỗi giây, tôi đều bị quặc đi về tương lai. Ngày mai, tôi sẽ phải trải qua kì thi quan trọng, và nghĩ đến nó đã khiến tôi cảm thấy rất lo lắng.

Tim tôi đập nhanh, khát khao để tìm ra một giải pháp để tự tin hơn. Nhưng những điều lo lắng cứ tiếp tục xâm nhập vào trí nhớ tôi, làm cho tôi trở nên phân tán và khó tập trung. Tôi cảm thấy mình không chuẩn bị kịp, và những điều lo lắng cứ tiếp tục tăng cao.

Tôi hiểu rằng lo lắng là bình thường, nhưng cảm giác này đã trở nên quá mạnh mẽ trong tôi. Tôi cần tìm ra cách để vượt qua lo lắng và tìm lại sự tự tin. Sắp tới kì thi, tôi hy vọng có thể kiểm soát được cảm giác lo lắng và trở thành người tự tin hơn.",
llama-3-8b-instruct-1-24ee2f1342,"Tôi ngồi yên lặng trong phòng, không thấy hứng thú làm gì. Trông lại những bức tranh cũ, thấy những kỷ niệm buồn. Em của tôi đã qua đời, và tôi không có ai chia sẻ với. Sức khỏe của tôi không ổn, cảm thấy mệt mỏi và chán nản. Không biết tôi sẽ sống bao lâu nữa.

Mọi việc lại trở lại giống như cũ, nhưng tôi không có thể nào quên được. Em của tôi đã chết, và tôi không thể nào chia sẻ với ai. Sức khỏe của tôi không ổn, và tôi cảm thấy mệt mỏi và chán nản. Tôi không biết tôi sẽ sống bao lâu nữa. Cảm thấy rất buồn, rất nhớ em.",
llama-3-8b-instruct-3-1c6afb8759,"Mấy ngày trở lại, tôi lại cảm thấy lo lắng không yên. Nghiệp vụ không xong, còn có nhiều việc phải làm, nhưng tôi lại lo lắng đến ngày mai. Sợ mình không chuẩn bị kịp, sợ mọi thứ vượt ngoài tầm kiểm soát. Tôi cố gắng chặn đứng những suy nghĩ đó, nhưng nó lại chui vào đầu tôi, làm tôi đau đầu. Chánh, tôi tự hỏi, có thể mình sẽ lủng lờ lại không? Mọi thứ sẽ trở thành một mess, và tôi sẽ phải hối hận. Thật là, tôi không tin vào khả năng của mình nữa.",
llama-3-8b-instruct-6-cd660120ee,"Con sóng tối qua, tôi ngồi trên ghế, ngắm nhìn cửa sổ. Dòng sáng lờ lững, gió nhẹ, trời yên ắng. Tôi không nghĩ rằng, trong những khoảnh khắc yên tĩnh như thế, tôi lại thấy được bao nhiêu điều. Tất cả những chuyện đã qua, những tiếc nuối, những hy vọng, những sợ hãi, chúng giờ đã biến thành chỉ một mảng mây, một dải khói, một đóa sầu. Tôi cảm thấy vô vọng, không còn gì để tin, không còn gì để bám.",
llama-3-8b-instruct-5-af7ca21188,"Tôi cứ ngồi yên, đột nhiên nghe được tin báo rằng, anh em họ của tôi sẽ tới thăm. Tôi giật cả mình, không tin nổi vào tai mình luôn. Phải đọc lại đến hai ba lần mới dám chắc là thật. Tôi cảm thấy như được đánh thức, như bị đẩy ra khỏi dòng sông thời gian. Cảm xúc này như một cú đấm vào mặt, khiến tôi khóc sướt. Cái đột nhiên này làm tôi nghĩ lại về cuộc sống, về những điều tưởng chừng đã qua. Ah, cuộc sống là đầy bất ngờ!",
llama-3-8b-instruct-1-2ba5a8e719,"Tôi ngồi trên ghế, nhìn ra ngoài màn hình tivi đang chiếu một bộ phim cũ, không có âm nhạc, không có điện ảnh, chỉ là một bức tranh tĩnh lặng. Ngò lại, tôi không thể nguấy, tôi cứ ngồi đó, suy nghĩ về chuyện lúc sáng. Ai dính vào tôi, ai dính vào tôi? ðŸ’",
qwen3-8b-3-f872c44e49,"Hôm nay, tôi ngồi trước màn hình máy tính, tay run run khi lướt qua những dòng bình luận, những hình ảnh chia sẻ của người khác. Tôi biết mình không phải là ai đó đáng để người khác quan tâm, nhưng vẫn không khỏi thấy sợ – sợ rằng mình sẽ không đủ tốt để tồn tại trong không gian này. Cảm giác như đang đứng giữa dòng người, cố gắng không bị vùi lấp, nhưng lại không biết mình đang chạy về đâu. Tôi không nói ra, không ai biết, nhưng tôi sợ mình sẽ bị quên, bị mất trong dòng chảy của mạng xã hội, nơi mọi thứ đều nhanh chóng biến mất.",
qwen3-8b-5-571e65ce34,"Sáng nay vừa nhận được tin nhắn từ đồng nghiệp rằng tôi đã được đề nghị tham gia dự án mới — đúng là surprise! Không hiểu sao mình lại thấy vui đến mức muốn nhảy lên múa, dù chỉ là trong đầu.",
llama-3-8b-instruct-2-33a03fffc3,"Tôi đang tức đến tận đáy vì Tú yesterday said something so stupid. She just didn't get what I was trying to say and didn't even bother to listen to me explain it. The more I think about it, the angrier I get. I just want to slam the door shut and sit there for a while to calm down. Why can't people just listen to me for once? I'm so sick of being misunderstood.",
qwen3-8b-4-8631b80734,"Buổi sáng nay, tôi có một khoảnh khắc nhỏ khiến tôi cảm thấy thật sự chạnh lòng. Khi tôi đang cố gắng hoàn thành một công việc trong giờ nghỉ trưa, một người đồng nghiệp vô tình làm rơi một mảnh giấy ra sàn. Tôi vừa phải dừng lại để nhặt lên, vừa thấy một cảm giác ghê rợn bỗng dưng len lén vào trong tim. Tôi không hiểu tại sao mình lại cảm thấy như vậy, nhưng sự việc ấy khiến tôi bỗng dưng thấy rõ sự vô tư, thậm chí là thiếu tôn trọng của người khác đối với những điều tưởng chừng nhỏ nhặt. Tôi cố gắng không để cảm xúc đó ảnh hưởng đến công việc, nhưng trong lòng, tôi vẫn không thể xua tan sự ảm đạm đó. Có lẽ, đôi lúc chúng ta cần phải dừng lại và nhìn nhận lại những điều tưởng chừng không quan trọng, bởi đôi khi chúng cũng phản chiếu cả tâm hồn của con người ta.",
qwen3-8b-6-0e4407430d,"Chiều hôm qua, mình ngồi nhìn dòng người qua lại ở bến xe, cảm giác như cả thế giới đang lùi dần ra xa. Có lẽ vì buồn quá, nên mình không muốn ai hỏi han, chỉ cần một mình chìm vào tiếng mưa ngoài hiên, để cảm xúc đó cứ lắng đọng, rồi sẽ qua.",
qwen3-8b-6-1191f730cf,"Chiều hôm ấy, tôi ngồi im lặng bên bàn học, chấm lại đề thi vừa rồi. Những con số, câu chữ trong bài vẫn còn in hằn trong đầu, khiến tôi không thể nào buông bỏ. Tôi không biết mình đã học đến đâu, chỉ biết rằng cảm giác trống rỗng và bế tắc dường như đang len lén nuốt chửng những giây phút yên lặng của tôi.",
qwen3-8b-6-4b5402787b,"Hôm nay mình có cảm giác như mình đã hiểu ai đó rồi. Mình và bạn ấy gặp nhau trong lúc đi học, bắt gặp nhau ở góc hành lang, rồi cười, rồi nói chuyện, cứ như là có cái gì đó đã chờ đợi từ lâu. Mình không biết tại sao mình lại cảm thấy thế, có lẽ vì trong lúc nói chuyện, mình thấy mình đang hào hứng, nói nhiều, cười nhiều, như thể mình đã có một mối quan hệ với cô ấy từ lâu rồi. Cảm giác như mình đang sống một mớ hỗn độn, nhưng lại rất vui. Mình không nói ra, nhưng trong lòng mình thì biết, mình đang thích ai đó, và ai đó cũng đang thích mình. Chắc là mình sẽ không bao giờ dám nói ra, nhưng mình hy vọng mọi thứ sẽ tốt đẹp.",
llama-3-8b-instruct-1-ef05dbfc1f,"Tôi ngồi trên giường, nhìn ngóng trời buổi chiều, chỉ cảm thấy buồn. Lúc sáng, tôi mới đi thăm bác sĩ, nghe bác sĩ nói chuyện về sức khỏe, và tôi chỉ nghe như đứa trẻ nghe tin biếng. Não tôi cứ rung rưng, thấy như không thể chịu được anymore. Lúc này, tôi chỉ muốn nằm trên giường, không muốn làm gì, không muốn gặp ai, không muốn có ai gặp tôi. Cảm giác như bị khóa trong một thế giới riêng, và tôi không thể thoát ra.",
llama-3-8b-instruct-1-de9b5d76dd,"Mấy giờ chiều, tôi ngồi yên lặng, không muốn làm gì. Lòng tôi tràn đầy sự thất vọng và buồn. Trải qua một ngày, tôi mới nhận được một tin tưởng, một tin tốt, nhưng nó lại không mang lại cho tôi cảm giác hân hỉ như trước.

Tâm trí tôi chìm trong đam mê và buồn. Tại sao một điều nhỏ lại có thể làm tôi suy sụp đến thế? Tôi nghĩ về những năm tháng qua, những khó khăn tôi đã vượt qua, và giờ đây tôi lại một lần nữa phải đối mặt với sự thất vọng. Bao nhiêu kỷ niệm và những niềm tin đã được hình thành trong tôi, giờ đây lại bị tan chảy như khói.

Tôi không thể nào nói ra lời cảm ơn đến ai, vì họ chẳng biết về sự thất vọng và buồn của tôi. Tôi chỉ có thể ngồi yên lặng, để cho những điều đã qua tan chảy trong lòng.",
qwen3-8b-5-317de8a46a,"Chiều hôm ấy, trong giờ thi môn học tôi vốn rất yêu thích, tôi vừa ghi xong câu cuối cùng trong bài luận thì bỗng nhận ra mình đã viết sai đề bài. Tôi ngưng bút, tim đập thình thịch, tay run run quay lại xem lại đề, rồi lại xem lại bài, như thể đang đọc một điều gì đó không thể tin nổi. Trong khoảnh khắc đó, tôi cảm thấy cả thế giới như chậm lại, chỉ còn mình tôi và sự thật vừa vỡ ra: mình đã làm sai điều gì đó quan trọng. Cảm giác surprise đến từ chính sự thật đó, khiến tôi không khỏi ngơ ngác, như một lời nhắc nhở về sự cẩn trọng trong những điều tưởng chừng nhỏ bé nhất.",
qwen3-8b-2-59a052b1e7,"Chiều nay, tôi cảm thấy mình đang bị hiểu lầm trong một dự án nhóm. Dù đã giải thích rõ ràng, không ai lắng nghe và vẫn tiếp tục đổ lỗi cho tôi. Cảm giác bực tức dâng lên từ trong lòng, tôi không biết mình có nên tiếp tục hay nên rút lui để bảo vệ chính mình.",
qwen3-8b-6-545712eb4f,"Hôm nay mình đã hoàn thành công việc khó nhằn của mình, dù không có ai biết, nhưng cảm giác như đã vượt qua một thử thách thật sự. Đôi khi, thành công nhỏ nhất cũng khiến mình cười sằng sặc vì sự nỗ lực của bản thân.",
llama-3-8b-instruct-6-15551914d0,"Tôi ngồi lại sau một ngày thực tập dày dạn. Có lẽ vì thế, tôi đã mệt lúng hơn bình thường. Não tôi cứ bám ép một vấn đề đang giải, nhưng đã khó khăn hơn nhiều so với hôm trước. Có những lúc, tôi nghĩ mình đã cố gắng quá sức, nhưng cuối cùng cũng chỉ là một sự trì hoãn. 

Chẳng có gì đặc biệt xảy ra trong ngày hôm nay, chỉ một chuỗi những việc quen thuộc. Tôi đi lại trên ghế, tay tôi lại bám vào ghế, như thể tôi đang cố níng lại thứ gì đó. 

Vừa đủ để tôi vào giấc ngủ, không hỏi ai, chỉ để tôi có thể vượt qua một ngày nữa.",
llama-3-8b-instruct-6-3a101218bd,"Tôi không thể tưởng tượng ra một ngày khác nữa, trong đó tiền đã trở thành một vấn đề quen thuộc. Mấy tháng vừa rồi, tôi đã phải tiết kiệm rất nhiều, và những chi tiêu nhỏ đã trở thành một nỗi lo. Tối nay, tôi lại phải tính toán đến từng chi phí, từng khoản chi, từng cent và từng penny. Cảm giác như thể tôi đang sống trong một thế giới của những con số, và những con số này đang quyết định về tương lai của tôi. Mấy giấc ngủ không được ngon, và tôi cảm thấy như thể đang nằm trên một tảng đá.",
qwen3-8b-3-db36ab7947,"Sáng nay thấy mình bỗng dưng sợ hãi, không hiểu sao cứ nghĩ đến cái buổi giới thiệu sản phẩm sắp tới là tim đập thình thịch. Mình sợ mình sẽ nói lắp, sợ mọi người sẽ cười, sợ mình không đủ tự tin để chia sẻ cái mà mình nghĩ là quan trọng. Thực ra cũng chẳng có gì quá lớn lao, nhưng vì là lần đầu nên cảm giác như đang đứng trên cao, chẳng biết mình sẽ rơi xuống hay bay thật cao.",
qwen3-8b-6-ab0892ed59,"Buổi sáng nay trời mưa âm thầm, nghe như đang khóc một cách buồn bã. Mình dậy muộn hơn bình thường, vì ngủ quên trong giấc mộng đẹp, tưởng mình đang ở trong một bộ phim siêu anh hùng. Đã quay 3 vòng, đánh rơi 2 cái chìa khóa, và cuối cùng thì cũng kịp đến văn phòng. Mình không biết mình có phải là người may mắn hay chỉ là nạn nhân của sự trùng lặp trong thời gian. Có lẽ là cả hai. Mấy đồng nghiệp cười xòa khi mình bước vào, nhưng mình không buồn, vì mình biết, mình sẽ cười cùng họ khi một ngày khác đến.",
qwen3-8b-1-f1fa3795ee,"Hôm nay, tôi ngồi trong văn phòng, nhìn ra cửa sổ, lòng chẳng buồn nói chuyện với ai. Những công việc còn dở dang, những dự án chưa hoàn tất, cứ đè nặng lên vai tôi như một gánh nặng không thể chia sẻ. Tôi cố gắng cân bằng giữa sự tận tụy và những cảm xúc mệt mỏi bên trong, nhưng đôi khi cảm thấy mình đang chìm trong một sự vô lực. Cái buồn không đến từ thất bại, mà từ sự bất lực trong việc điều khiển cuộc sống của mình. Tôi biết mình phải tiếp tục, phải cố gắng, nhưng đôi khi chỉ cần một khoảnh khắc im lặng để thừa nhận rằng, mình cũng cần được nghỉ ngơi.",
llama-3-8b-instruct-3-4a98bb113e,"Thật ra, tôi cảm thấy lo lắng và khó yên. Khi nghĩ đến ngày mai, tim lại đập nhanh, như thể có thứ gì đó đang chờ đợi tôi. Sợ rằng mình không chuẩn bị kịp, sợ mọi thứ vượt ngoài tầm kiểm soát. Tâm tư của tôi lại quay trở lại với mối lo về tương lai. Vì sao phải lo? Vì sao phải lo? Tôi không thể giúp cho cảm xúc này lắng xuống. Thấy con người mình bị chôn vùi bởi nỗi lo.",
llama-3-8b-instruct-2-948a63a668,"Tối nay, khi xem lại một cột tin trên mạng, tôi cảm thấy mình bị hiểu lầm đến mức nào. ai đó lại cho rằng tôi đang tranh luận với người khác, còn thực tế thì tôi chỉ muốn chia sẻ một kinh nghiệm đơn giản. Khi đọc qua những bình luận sau đó, tôi cảm thấy như bị chọc vào tim. Ai dám bảo tôi là người đang tranh luận? Tôi không hiểu tại sao những người khác lại phải lăng nhăng đến như vậy. Chưa kể, tôi còn bị những người khác ép buộc phải xem lại, như thể tôi đang phạm một tội lỗi. Cảm ơn những người khác đã làm tôi tức lắm. Tốt cho, hãy xem tôi như người không bao giờ mở cửa.",
llama-3-8b-instruct-1-407568e49e,"Tôi nằm trên giường, ngón tay chạm vào tường, và ngó ra ngoài cửa sổ. Cảm giác chán nản bao trùm lấy tôi, không muốn làm gì. Nhớ lại ngày hôm nay, tôi lại bệnh dại, không thể đi ra ngoài, thậm chí không thể rời khỏi giường. Tôi thấy buồn, buồn không thể nói ra. Tình hình không cải thiện, tôi lại bị lây lan về bệnh cũ, và nhớ lại lúc khỏe mạnh của tôi.",
llama-3-8b-instruct-6-3b205d507e,"Tôi ngồi trong phòng học, xung quanh là những tờ vở trắng, những câu hỏi và những bài tập. Có vẻ như những giờ học đã gần kết thúc, nhưng tôi vẫn không thể rời khỏi bàn học. Chuyện này có vẻ như là một trò chơi của đầu óc. Tôi chẳng thể nào tập trung, cứ thay đổi chỗ ngồi, rồi lại quay trở lại chỗ cũ. Đừng hỏi ai, tôi chỉ biết là mình đang trong một trạng thái ""other"".

Tôi chẳng thể nào tập trung, tôi chẳng thể nào làm bất cứ điều gì. Có vẻ như cuộc sống của tôi đã trở thành một giấc mơ. Tôi chẳng thể nào chia sẻ với ai, tôi chẳng thể nào nói với ai. Tôi chỉ biết là mình đang trong một trạng thái ""other"". 

Tôi nhớ một ngày xưa, tôi từng có một cuốn sách yêu thích. Bây giờ, tôi chẳng thể nào nhớ tên sách đó. Có vẻ như tôi đã quên. Tôi không thể nào tìm thấy nó, tôi không thể nào tìm thấy chính mình. 

Tôi chẳng thể nào làm gì, tôi chẳng thể nào nói gì. Tôi chỉ biết là mình đang trong một trạng thái ""other"".",
llama-3-8b-instruct-1-b515119de4,"Cái ngày này rất buồn. Ngủ không yên, cơ thể đau rát, mình cảm thấy mệt như điếu. Mệt, mỏi, không thể làm gì. Cảm giác như bị đè nặng, chẳng muốn làm gì, chẳng muốn nói ai. Cảm thấy mình bị tổn thương, như bị đè nặng, không thể thoát ra. Buồn, buồn, buồn.",
qwen3-8b-5-c72e29b5f4,"Chiều nay nhận được email thông báo được ký hợp đồng thực tập chính thức, mình hoàn toàn bất ngờ và không kịp chuẩn bị gì cả. Mình chỉ biết ngồi yên, lẩm cẩm trong lòng, thật sự không ngờ mọi thứ lại xảy đến nhanh đến như vậy.",
llama-3-8b-instruct-5-5aebeaa222,"Tôi vừa nhận được tin rằng đã được chẩn đoán mắc một bệnh cấp tính. Tôi cảm thấy giật cả mình, không tin nổi vào tai mình luôn. Phải đọc lại đến hai ba lần mới dám chắc là thật. Tôi không thể tin rằng điều này đã xảy ra với tôi. Tôi tưởng tượng tất cả những điều tồi tệ nhất, những điều không thể lường trước. Bây giờ, tôi đang phải tìm hiểu thêm về bệnh này, về những điều cần phải làm để chữa bệnh. Mẹo và thuốc, cũng như chế độ ăn uống... Tôi cần phải tìm hiểu thật nhiều để có thể sống sót.",
qwen3-8b-0-dbcee68f21,"Sáng nay thi xong môn mình thích nhất, ngồi trong lớp nghe tiếng gạch vỡ, tiếng học sinh nói chuyện râm ran, cảm giác như đang lơ đi giữa dòng chảy của thời gian. Một lúc lâu rồi mình mới được ngồi yên trong không gian ấy, nghe những âm thanh quen thuộc, thấy lòng nhẹ nhõm như vừa xong một cuộc hành trình dài.",
llama-3-8b-instruct-3-5449edcb59,"Tìm thấy một chút an toàn sau trận đấu yesterday, cảm giác như mình đã chế ngự thế giới trong một phút. Dù sao, cũng sợ mình sẽ quên mất điều đó, lại lo lắng về ngày mai.",
qwen3-8b-6-275294bbb4,"Hôm nay em làm việc như thường lệ, nhưng có lúc em ngồi im lặng nhìn đồng hồ, đột ngột thấy mệt mỏi không hiểu sao. Việc ở đây không có gì vui, nhưng cũng không tệ. Chỉ là đôi lúc em tự hỏi, tại sao mình lại chọn con đường này, có lẽ vì cái gì đó trong quá khứ thôi. Em không buồn hay vui, chỉ thấy mình đang ở đây, và đủ để tiếp tục.",
qwen3-8b-5-d87c01b0e1,"Sáng nay đang đi bộ trong công viên, bỗng nghe thấy tiếng quen thuộc gọi tên mình. Quay lại thì thấy bạn ấy đang đứng ở góc đường, tay cầm một cái túi to, mặt cười rạng rỡ. Mình tưởng mình nghe nhầm, nhưng khi bạn ấy bước lại gần, mình mới biết mình đã được bạn ấy giữ lại một cách tinh tế — trong túi là một bức thư viết tay, kể lại những kỷ niệm ngày xưa. Cảm giác bất ngờ và xúc động dâng lên mạnh mẽ, như thể thời gian quay lại, và mình lại thấy mình là một phần của câu chuyện đó.",
llama-3-8b-instruct-1-9641415079,"Tôi ngồi nhớ lại hôm nay, tôi và anh chia tay. Tôi không thể hiểu tại sao anh lại quyết định như vậy. Tôi từng tưởng rằng chúng ta có thể vượt qua mọi khó khăn, nhưng nay tôi mới hiểu anh không muốn thay đổi. Tóm lại, tôi cảm thấy rất buồn, không biết nên làm gì.",
qwen3-8b-4-133b5ae099,"Chiều nay, trong lúc đang tập trung vào một dự án quan trọng, tôi bất ngờ phát hiện ra một tình huống thật khó chịu. Một đồng nghiệp của tôi đã để lại những bản ghi chú chưa hoàn chỉnh, chèn vào giữa các tài liệu đang được xử lý. Không chỉ khiến tôi mất nhiều thời gian để tìm lại chỗ chính xác, mà còn làm tôi cảm thấy vô cùng khó chịu vì sự thiếu cẩn trọng và thiếu tôn trọng của người khác. Tôi không biết tại sao một người lớn lại có thể hành xử như vậy, nhưng sự việc đó khiến tôi cảm thấy thật khó chịu, thậm chí là ghét. Đó là một khoảnh khắc khiến tôi thấy mình phải nỗ lực hơn nữa để giữ được sự chuyên nghiệp trong công việc.",
qwen3-8b-6-c8c2dcb4e2,"Tôi đã hoàn thành một công việc nhỏ nhưng quan trọng trong ngày, và cảm giác khi mọi thứ được sắp xếp đúng chỗ, không sai sót khiến tôi thấy nhẹ nhõm. Tôi không nói với ai, chỉ tự nhủ rằng mình đã cố gắng hết sức và không hối tiếc. Cảm giác ấy không quá vang dội, nhưng đủ để tôi biết mình đang tiến được từng bước nhỏ, và điều đó khiến tôi cảm thấy an yên trong ngày hôm đó. Dù không có ai biết, nhưng tôi vẫn cảm thấy mình đã làm được điều gì đó, dù nhỏ, nhưng vẫn có giá trị.",
llama-3-8b-instruct-2-ef243f15ca,"Tôi ngồi im tại bàn học, tay chìa bút chìa, đầu óc ầm ầm. Sáng nay, tôi lại gặp trường hợp một người tự nhận mình là tôi, thế là tôi lại phải giải thích và giải thích, nhưng ai nghe? Tất cả họ đều cho rằng tôi sai, và họ không muốn nghe tôi giải thích. Càng nghĩ càng tức, chỉ muốn đóng sầm cửa lại rồi ngồi im một lúc cho hạ hỏa.",
llama-3-8b-instruct-6-ce606c2d04,"Tôi nằm trên giường, nghĩ về kỳ thi gần kĩ, cảm thấy lo lắng và chán nản. Não bộ như được đè nén bởi trọng trách, cảm giác như thể không thể xoay được bánh xe nữa. Mấy tháng học tập, mấy đêm mất ngủ, mọi thứ chỉ để lại một cảm giác chán nản và lo lắng.",
qwen3-8b-3-f82fe71cc1,"Chiều nay ngồi nhìn bóng chiều buông xuống, lòng mình như chìm trong cơn lặng lẽ, sợ rằng không còn đủ sức để giữ lấy điều gì đó vốn dĩ đã trôi qua.",
qwen3-8b-0-a54660cbea,"Hôm nay mình lại một lần nữa bị cuốn vào cơn nghiện mạng xã hội, nhưng không phải vì mình muốn, mà vì cái gọi là ""tâm đắc"" của mình. Mình đã dành cả buổi chiều để check tin, tag người, và comment những điều vô bổ, như kiểu mình đang tham gia một cuộc thi ""Ai thả nhiều cảm xúc nhất"". Khi thấy cái số lượt thích tăng lên, mình lại thấy mình có chút ""đỉnh"" – dù thực ra chẳng ai quan tâm. Nhưng rồi đến khi mình vừa xong, mình lại cười tự cạch, vì mình đã dành cả buổi chiều để ""truyền cảm hứng"" cho người khác, mà không ai trả ơn. Mình thấy vui, vì mình biết mình đang vui, và có lẽ đó chính là sự giải phóng của một con người thích cười vào chính mình.",
llama-3-8b-instruct-0-1ab5e4f79d,"Hôm nay, tôi và nhóm bạn đã đi ăn tối nhau. Có lẽ, điều đó có thể xem là một điều bình thường, nhưng tôi cảm thấy vô cùng vui vẻ. Chúng ta ngồi lấy nhau, chuyện trò cười đến tận giờ đóng. Tới lúc tôi về nhà, tôi cảm thấy người nhẹ hơn, như thể mình được đổ bỏ hết những căng thẳng.

Tin ý nghĩ, chúng ta chuyện trò về những điều đã qua, những dự định tương lai, và những thứ khác nữa. Tôi rất thích những lúc như thế. Thật sự, tôi cảm thấy mình được sống trong khoảnh khắc đó, không có gì để lo lắng.

Tối nay, tôi quay lại nhà với một niềm vui vô cùng. Thật ra, tôi không thể tin mình đã sống một ngày như vậy.",
qwen3-8b-2-97e59f2645,"Sáng nay, mình đã phải nhịn lại cảm xúc khi mọi người trong phòng không nghe mình giải thích về lý do mình không thể tham gia cuộc họp. Cảm giác bực bội và cảm thấy bị hiểu lầm khiến mình rất mệt, như thể cơ thể cũng muốn thở dài và đòi hỏi sự lắng nghe.",
qwen3-8b-1-d806fb4bb9,"Chiều nay tôi ngồi im lặng bên cửa sổ, nhìn ánh nắng dần tắt, lòng như chìm trong một cảm giác buồn thấm đẫm. Nghi thức lặp lại từng ngày, nhưng hôm nay, tôi cảm thấy mình chẳng còn sức để gánh vác cả sự im lặng đó nữa.",
qwen3-8b-5-15444dcce8,"Chiều hôm đó, khi tôi vừa kết thúc một buổi làm việc căng thẳng, điện thoại lại vang lên. Không phải cuộc gọi công việc hay tin nhắn quen thuộc, mà là một tin nhắn từ một người bạn cũ, người mà tôi nghĩ rằng đã dần lãng quên trong cuộc sống hiện tại. Chỉ một dòng chữ ngắn ngủi: “Có lẽ chúng ta nên gặp lại.” Tôi ngồi im lặng, ánh mắt dán chặt vào màn hình, tay run run như thể đang nắm lấy một điều gì đó vừa mới được phát hiện, nhưng lại không biết nên cười hay khóc. Cái bất ngờ ấy như một tia sáng lóe lên giữa một ngày dài mờ nhạt, khiến tôi không khỏi suy nghĩ về những điều đã qua và những điều có thể sẽ đến.",
llama-3-8b-instruct-1-bb6f107dd3,"Cả ngày qua đi, không có điều gì đặc biệt xảy ra. Nhưng tôi nhớ lại một khoảnh khắc, một chút niềm vui nhỏ, khi tôi hoàn thành công việc hôm nay. Tuy nhiên, niềm vui đó không kéo dài, tôi lại cảm thấy buồn, như thể niềm vui đó là một ảo tưởng.

Tôi ngồi yên một chỗ, suy nghĩ về những điều có thể khác, về những điều tôi có thể làm khác. Nhưng rồi tôi lại nhớ lại những điều đã qua, những điều đã làm. Mối lo và lo lắng lại quay trở lại. Tôi không thể hiểu tại sao tôi lại buồn đến như vậy. Dường như tôi đã thay đổi, nhưng lại không thay đổi. Tôi không biết nên làm gì.",
qwen3-8b-0-08deb9d24f,"Hôm nay mình lên mạng xã hội để xem vài video hài, không nghĩ là sẽ có lúc nào đó mình ngồi lâu đến mức quên cả giờ cơm. Mình cười không ngừng, tưởng tượng mình đang ở trong bộ phim ấy, lúc nào cũng thấy vui, như thể mình là nhân vật chính vậy.",
llama-3-8b-instruct-2-ed13287770,"Tôi ngồi tại bàn học, tay tay cầm bút, cố gắng tập làm việc, nhưng cảm giác trong tôi cứ bồn chồn, ngột ngạt. Tất cả vì một việc nhỏ, nhưng lại là một vấn đề lớn với tôi. Người khác không hiểu, không đồng ý với tôi, cứ như thể tôi không có tiếng nói. Tôi cảm thấy giận, giận như nước bão, giận đến nỗi tôi thậm chí không thể ngồi yên.

Mình tưởng tượng những lúc như thế, mình sẽ chẳng có ý định làm gì, chỉ nằm im, im như một đống cỏ. Nhưng nay, mình lại phải tiếp tục làm việc, phải tìm cách giải quyết vấn đề này. Mình biết mình không thể ngồi yên, nhưng mình lại không thể chịu thêm nữa. Mình muốn hét, hét cho đến khi người khác lắng tai nghe, nhưng mình lại không dám. Mình chỉ có thể ngồi đây, tay tay cầm bút, chờ đến khi mình tìm cách giải quyết vấn đề này.",
qwen3-8b-6-b270b1cb01,"Hôm nay em thi môn mình sợ nhất, ngồi trong phòng thi thấy tim đập thình thịch. Lần đầu em được thi ở phòng kín, nghe tiếng đồng hồ đếm ngược, không có gì để làm ngoài viết. Em cố gắng viết nhanh để kịp thời gian, nhưng tay run run, giấy rách cả góc. Khi nộp bài, em thấy mình như vừa qua một cuộc chiến. Về nhà em không dám kể cho ai nghe, chỉ im lặng lướt qua mấy tin nhắn của bạn bè, như thể mình vừa trải qua một cái gì đó rất lớn, nhưng không ai hiểu.",
llama-3-8b-instruct-1-7a7ebf386f,"Tôi không thể nào quên cảnh anh rời đi. Mắt tôi mường lại hình ảnh anh cười khoái lạc, nói chuyện vui vẻ. Nhưng giờ, tôi lại ngồi đây, một mình, không có anh. Buồn đến nỗi tôi không muốn làm gì, chỉ nhớ đến anh.",
qwen3-8b-6-1abaaab45b,"Tối nay mình ngồi nhìn màn hình laptop, thấy mình thật sự mệt, nhưng lại thấy vui vì đã hoàn thành việc quan trọng. Cảm giác như mình vừa trải qua một ngày khác biệt, dù không có gì đặc biệt, nhưng vẫn thấy mình trưởng thành hơn một chút.",
llama-3-8b-instruct-3-1f28d5bf9b,"Trong buổi chiều hôm nay, mẹ lại nhắc đến tương lai của tôi. Mẹ nói, tôi đang lớn, phải có kế hoạch cho tương lai. Cái tai nạn, tôi lại lo lắng. Lo lắng đến mức, giấc ngủ của tôi bị phá vỡ, con mắt của tôi bị châm chích. Mẹ lại hỏi, tôi có hoạch cho tương lai không? Tôi đã có, nhưng lo lắng là, những kế hoạch đó có đúng với con mắt của mình hay không? Mẹ lại khuyên, ""Con, hãy bình tĩnh, không cần lo lắng"". Nhưng, tôi lại lo lắng, lo lắng hơn. Lo lắng đến mức, tôi không thể ngủ, không thể ăn, không thể chơi. Lo lắng, lo lắng, lo lắng.",
qwen3-8b-4-54f632548b,"Hôm nay mình gặp một tình huống thực sự khiến mình thấy ghét luôn. Mình đang đứng chờ xe ở cái bến bus, thì có một người đàn ông ném rác ngay giữa đường, còn không thèm quay lại. Mình thấy mình cứ như bị sặc mùi ấy, không thể thở nổi. Cái cảm giác ghét cay ghét dữ không phải vì rác, mà vì cái sự vô tâm, vô kỷ cương của người đó. Mình cảm thấy mình thật sự muốn quay lại, không muốn tiếp xúc với không khí của cái bến ấy nữa. Có lẽ vì mình đang trong trạng thái mệt mỏi, nên cái cảm giác đó càng rõ rệt hơn. Mình không hiểu sao con người lại có thể làm chuyện như vậy, thật sự là rất buồn và khó chịu.",
llama-3-8b-instruct-6-6e2469936b,"Tôi không thể quên được những giấc mơ trong đêm hôm qua. Ngôn ngữ của mình lại một lần nữa giẫm lên những cảm xúc khó quên của người đàn ông vừa rời đi. Mình lại ngã xuống giường, những giấc mơ khủng khiếp về tương lai chúng ta chia tay. Nhiệm vụ của mình đã trở thành vô nghĩa, giấc mơ của mình đã trở thành ác mộng. Mình không thể chấp nhận được một tương lai không có anh. Mình quyết định ngã xuống giường, ngã lại và lại ngã, không thể chịu đựng những đau buồn.",
llama-3-8b-instruct-2-ceb222f1ca,"Tôi cứ tưởng mình đã trả hết công, nhưng dường như người khác lại không xem là vậy. Ngón tay chúng tôi đã đổ máu, giờ người khác lại từ chối ký hợp đồng, nói rằng tôi không có đủ chứng tỏ. Cảm giác giận dữ bùng phát trong tôi như một cơn sóng dữ dội, nhấn chìm tôi trong sự tức giận và tuyệt vọng.",
qwen3-8b-3-dd83a05ccb,"Ngày hôm nay, tôi ngồi bên bàn học, ánh mắt không rời trang sách còn lại vài chương cuối cùng. Cả buổi tối, tôi không thể tập trung vào bài, chỉ liên tục lướt qua từng mục, rồi lại quay lại, như thể đang cố gắng ghi lại từng chữ từng câu để kịp hoàn thành. Tôi biết rằng, nếu không hoàn thành bài thi đúng thời gian, tôi sẽ không thể làm được gì cả. Nỗi sợ không phải là vì bài khó hay mình không đủ khả năng, mà là sợ rằng mình sẽ không thể vượt qua được cái điểm cuối cùng này. Mỗi khi nghe tiếng đồng hồ đếm ngược, tim tôi đập thình thịch, như muốn thay đổi nhịp điệu để cảnh báo bản thân rằng thời gian đang trôi. Tôi cố gắng hít thở sâu, nhưng vẫn không thể xua tan cảm giác bất lực, như thể mọi thứ đang dần trôi ra xa, và tôi không còn cách nào để bắt kịp.",
qwen3-8b-1-d7bf59b413,"Chiều nay ngồi im lặng bên khung cửa sổ, lòng nặng trĩu như có thứ gì đó vừa lỡ tay vứt vào lòng đất. Dù cố gắng mỉm cười, nhưng nỗi buồn vẫn âm thầm vương vấn, không biết nên chia sẻ với ai.",
qwen3-8b-2-0cffc2af49,"Mẹ bảo mình đi mua bánh, mình bảo không thích bánh, mẹ lại bảo bánh có gì mà không thích, mình bảo mình đang kiêng, mẹ lại bảo kiêng thì mua bánh để kiêng, mình bảo không cần, mẹ lại nói mình không hiểu chuyện, mình chỉ muốn ngưng nói chuyện với mẹ, nhưng mẹ vẫn không ngưng, cuối cùng mình phải đi mua bánh vì sợ mẹ sẽ vét sạch cả nhà ra để ""giải cứu"".",
qwen3-8b-5-f58c181256,"Buổi chiều hôm ấy, mình nhận được tin nhắn rằng một người bạn cũ đã thay đổi hoàn toàn cuộc sống của mình, từ công việc đến nơi ở, khiến mình phải ngẩn ngơ một lúc. Mình không ngờ rằng, một cái tên quen thuộc lại xuất hiện trong cuộc đời mình như một điều gì đó bất ngờ và đầy cảm xúc.",
llama-3-8b-instruct-0-ed99d2718e,"Tôi vừa quay lại nhà sau chuyến đi cùng nhóm bạn, thời tiết nay thật lý tưởng. Không khí vào cuối mùa hè, khi trời đã dần tắt, nhưng vẫn còn chút gió thoảng, làm ta cảm thấy thư thái. Cảm giác của tôi khi ấy giống như được giải trừ một loại trọng nặng, nặng về mặt trí não và đôi chút về mặt cảm xúc. Lúc đó, tôi cảm thấy mình được giải thoát, được tự do, được sống trong giấc mơ. Ta chẳng cần phải lo, phiền phức về tương lai, chỉ cần ngồi ngó ra cảnh view, ngó lại những thứ đã qua. Thật là những khoảnh khắc đẹp nhất, tôi nhớ mãi.",
llama-3-8b-instruct-3-5b95894033,"Tôi đã thức dậy với một tâm trạng lo lắng và phiền phức. Nghiệp về ngày mai, tôi nghĩ đến những khó khăn và thách thức đang chờ tôi. Tôi sợ mình không chuẩn bị tốt, sợ rằng mọi thứ sẽ vượt ngoài tầm kiểm soát. Điểm ấy làm cho tôi đau đầu và lo lắng, như thể tôi đang bị quăng vào trong một vực sâu không có lối thoát. 

Tôi đã cố gắng suy nghĩ và tìm kiếm một lối thoát, nhưng điều đó lại khiến tôi lo hơn. Tôi không biết mình nên làm gì, và điều đó làm cho tôi cảm thấy chán nản và hoảng loạn. 

Cảm giác lo lắng này đã trở thành một phần của tôi, và tôi không thể thoát ra khỏi nó. Tôi chỉ có thể ngồi yên, ngắm nhìn và chờ đợi.",
llama-3-8b-instruct-0-364902c8f8,"Hôm nay tôi ăn cơm với gia đình và chị em. Mẹ nấu một nồi chay ngon ngây ngất, tôi ngạc nhiên không biết mẹ nấu được như vậy. Lúc đó tôi có cảm giác như mình đang ở trong một bộ phim, những món ăn chay được trình diễn như một tiết mục ca nhạc. Tất cả những điều đó làm tôi cảm thấy rất hân hạnh và vui vẻ.",
llama-3-8b-instruct-2-d9cba64ad5,"Mình đang rất giận. Mẹ gọi mình ra sau khi học, nói rằng mình chưa làm xong bài tập và còn phải học thêm một chút nữa. Mình đã làm xong cả ngày và không cần đến nữa, nhưng mẹ lại không tin. Mình thậm chí còn giận mẹ hơn nữa vì mẹ luôn đúng thì mình lúc nào cũng sai. Mình cảm thấy bị hiểu lầm và không được tin cậy. Mình chỉ muốn nói với mẹ một câu: ""Mẹ, tôi đã làm xong!"" nhưng lại không dám. Rốt cục, mình chỉ đứng đó, không nói gì, không làm gì, chỉ ngằ ngâm.",
llama-3-8b-instruct-2-e2dc1423bc,"Tôi không thể hiểu sao người lại có thể nói tôi là kẻ ngốc. Mọi người đều biết chuyện đó, họ không thể nào không biết. Nhưng họ lại cố đẩy tôi vào thế phiền toái. Tốn cả ngày để giải thích và chứng minh, nhưng cuối cùng họ vẫn không tin. Cảm giác trong tôi mãi còn đắm chìm trong giận.",
llama-3-8b-instruct-2-eb4145af20,"Tôi vừa trải qua một khoảnh khắc hết sức đau đớn. Nghiệp của tôi lại lộn xộn vào buổi chiều, và người khác lại không chịu nghe mình giải thích. Tôi càng nghĩ càng tức, cảm thấy máu ứa ra từ những lời xúc phạm. Tôi chỉ muốn đóng sầm cửa lại rồi ngồi im một lúc cho hạ hỏa.",
llama-3-8b-instruct-0-f6402c3961,"Hôm nay tôi có thể ăn trưa với các bạn thân. Chúng tôi đến quán ăn và ngồi xuống, nói chuyện và cười vui vẻ. Sau khi ăn xong, tôi đã phải tính toán lại ngân sách để đảm bảo rằng mình không vượt qua ngân sách. Tuy nhiên, tôi không thấy bị gò bó bởi điều đó, vì tôi đã có thể chia sẻ một giờ phút vui vẻ với các bạn.",
llama-3-8b-instruct-6-3e6e8c241b,"Tối nay, cảm thấy hơi mệt mỏi, như thể toàn bộ cơ thể đang chìm trong một cái hôn. Cứ ngáy ngáy, không có sức mạnh để làm một chút gì. Thậm chí còn khó ngủ, cảm thấy như thể đang có một con tim đang đập mạnh trong ngực.",
llama-3-8b-instruct-2-e774338426,"Tôi thực sự bị giận một cách mãi mãi vì sao người ta lại không tin vào những điều mình nói. Có khi nào họ hỏi tôi về bệnh tật, tôi sẽ nói ra một cáchstraightforward, nhưng họ lại cứ thế, như thể tôi nói không có nghĩa gì. Tôi tưởng tượng ra họ hỏi tôi ""Tại sao anh lại bị ốm vậy?"" và tôi sẽ trả lời ""Vì tôi không運動, không ăn ngon, không ngủ đủ giấc"", nhưng họ lại cứ thế, không muốn tin.

Tất nhiên, sau này tôi có thể sẽ tìm ra cách nói khác, nhưng lúc này, tôi chỉ muốn phàn phàn và than phiền. Tôi thậm chí không muốn ai khác biết điều này, chỉ muốn đóng sầm cửa lại, ngồi im một lúc và hà hỏa. Cái gì nữa, người ta lại hỏi tôi nữa? Xin cho tôi một chút hòa bình!",
qwen3-8b-3-01aab0098b,"Chiều nay ngồi trước bàn học, tay run run lật từng trang giấy, lòng như nặng trĩu, sợ rằng mình không đủ sức để vượt qua những thử thách ngày mai.",
qwen3-8b-3-f43b226443,"Tôi luôn lo lắng mỗi khi nghĩ đến khoản tiền dành cho tháng này, sợ mình sẽ không đủ để chi trả những điều thiết yếu, sợ rằng mọi thứ sẽ vượt quá khả năng của mình.",
llama-3-8b-instruct-5-8cb5542090,"Tôi vừa nhận được tin báo rằng người thân trong gia đình đang khỏe mạnh hơn trước. Ngay cả khi đọc lại tin đó hai ba lần, tôi vẫn không tin được vào tai mình. Cảm xúc trong tôi như một cú đấm mạnh mẽ, làm cho tôi giật cả mình.",
qwen3-8b-2-2aa2bff6a6,"Buổi sáng nay trời mưa, cái lạnh se se khiến không khí trong lành nhưng cũng khiến tôi thêm phần bực bội. Tôi đã mệt mỏi vì một buổi sáng kéo dài, nhưng điều khiến tôi khó chịu nhất là lúc gặp đồng nghiệp trong phòng họp. Người ấy đã hiểu sai điều tôi nói, rồi cứ nói liên mi尼亚, không chịu nghe tôi giải thích. Tôi cố giữ bình tĩnh, nhưng lòng đang chực trào lên, như thể muốn hét lên rằng ""Tôi không phải là người nói chuyện không rõ ràng"". Tôi đi về phía cửa, muốn đóng lại để khỏi nghe những lời lẽ thiếu suy nghĩ, nhưng rồi lại dừng lại, thở dài, tự nhủ rằng đôi khi sự bực tức cũng chỉ là một cách để nhắc nhở mình cần lắng nghe và thấu hiểu hơn.",
llama-3-8b-instruct-6-1272821835,"Tôi hôm nay có một ngày rất bình thường, nhưng có một khoảnh khắc khá đặc biệt. Đó là khi tôi vừa hoàn thành một dự án công việc, và nhận được phản hồi tích cực từ sếp. Tôi có cảm giác như mình đã đạt được một chút thành công, thậm chí có chút khoe khoè, haha. Xin, chỉ là một chút nhỏ, nhưng nó lại có giá trị cho tôi.",
qwen3-8b-0-4fb2059522,"Hôm nay mình có một lúc thực sự vui sướng, khi vừa uống xong ly trà chiều, ngồi trên阳台 nhìn mây bay lững lờ, cảm giác như cả thế giới đều chậm lại. Mình tự nhủ rằng, dù đời có bận rộn thế nào, vẫn cần dành thời gian để nghỉ ngơi, để ngắm những thứ nhỏ bé nhưng ấm áp như thế này.",
llama-3-8b-instruct-1-a39eb1cf14,"Tôi ngồi im lặng, nghĩ về những ngày xưa với anh. Lúc nào anh và tôi có thể ngồi bên nhau, chia sẻ giấc mơ, chia sẻ nỗi sợ. Bây giờ, anh lại đi và tôi lại ngồi đây, nhớ anh như thể hôm qua. Sầu não me lên, không biết tại sao lại hình thành.

Tôi có thể nhớ những ngày anh còn ở cạnh tôi, chúng ta có thể nói nhiều về tương lai, về ước mơ, về nỗi lo. Bây giờ, anh đã không còn và tôi lại thấy mình bị vứt bỏ. Tựa như tờ giấy trắng, tôi lại phải viết lại câu chuyện của tôi. Chứ sao anh lại đi và tôi lại lại nhớ anh.",
llama-3-8b-instruct-0-2d015c8d17,"Hôm nay, khi vừa rời khỏi quán cà phê, tôi có cảm giác vô cùng thoải mái. Cô gái tôi và tôi có một bữa tiệc dài đến chiều, chia sẻ những điều về cuộc sống, mơ ước, và cả những kinh nghiệm khó khăn. Tôi cảm thấy như mình được giải thoát khỏi những phiền toái, những lo lắng và những phiền hứng. Cũng có những lúc chúng tôi chia sẻ về những điều đau lòng, về những mất mát và những chia tay. Tuy nhiên, ngay sau đó, chúng tôi lại cười, lại chia sẻ, lại sống.

Tôi được những điều đó làm tôi nhớ lại những khoảnh khắc khó quên, những khoảnh khắc chúng tôi đã chia sẻ với nhau. Được chia sẻ những điều sâu sắc với người khác, được nghe người khác chia sẻ những điều sâu sắc với mình, có thể là một trong những điều đẹp nhất trong cuộc sống. Hôm nay, tôi có thể nói rằng, tôi đã được chia sẻ những điều sâu sắc với cô gái tôi, và đó là một điều rất đặc biệt.",
llama-3-8b-instruct-1-d9e62ad602,"Tôi nằm trên giường, không thể rời mắt khỏi tường. Não của tôi cứ đau, cảm thấy mình yếu hơn bao giờ hết. Vài ngày qua, tôi chỉ ngủ, chỉ nằm, không có năng lượng để làm gì. Sức khỏe của tôi cứ suy giảm, ai biết cho tôi cách quay lại?",
llama-3-8b-instruct-4-f10de85ec7,"Mấy ngày nay tôi thực sự không có thể chịu nổi cảm giác buồn. Hôm nay, sau khi đi khám bệnh, tôi được thông báo rằng tôi đang bị nhiễm bệnh. Tôi đã từng bị ốm dậy vào buổi sáng, và giờ thì tôi lại phải trả giá cho những hành vi tồi tệ của mình. Tín hiệu không tốt này lại một lần nữa chứng minh rằng tôi chưa thể trở thành một người có trách nhiệm với bản thân. ðŸ˜”",
qwen3-8b-6-defc8d6bca,"Sáng nay tôi thức dậy thấy người mệt mỏi, như thể cơ thể đã trao đổi hết năng lượng. Không hẳn là ốm, nhưng cảm giác hụt hẫng trong người khiến tôi nhận ra mình đang cần sự quan tâm và nghỉ ngơi thật sự.",
qwen3-8b-1-ad872ddbd3,"Chiều nay, tôi ngồi trong văn phòng, nghe tiếng máy điều hòa thổi đều đều, nhưng lòng mình lại chìm trong sự im lặng và buồn bã. Ngày hôm qua, tôi đã bị chủ nhiệm phê bình vì một lỗi nhỏ trong bản báo cáo, và dù biết rằng đó không phải là sự cố lớn, nhưng cảm giác bị chỉ trích vẫn như một gánh nặng đè lên vai. Tôi không biết mình nên trách ai, nên buồn cho ai. Những lời nói của cô ấy vang lại trong đầu tôi, khiến tôi cảm thấy mình như một người vô dụng, không đủ tốt để xứng đáng với cơ hội này. Tôi cố gắng tập trung vào công việc, nhưng mỗi lần nhìn vào màn hình, tôi lại thấy mình đang lùi lại từng bước. Có lẽ, hôm nay tôi cần dành thời gian để nghĩ lại, để hiểu rằng cảm xúc của mình không sai, và tôi cần học cách lắng nghe cũng như yêu thương bản thân hơn.",
llama-3-8b-instruct-3-022186fd3e,"Tôi vô tư lo lắng, không yên. Chừng nào nghĩ đến ngày mai, tim lại đập nhanh. Sợ mình không chuẩn bị kịp, sợ mọi thứ vượt ngoài tầm kiểm soát. Mẹ tôi thường nói, ""Tạm cho là, mọi thứ sẽ ổn"", nhưng tôi không tin. Tôi lo lắng về tương lai, lo lắng về quyết định mình sẽ làm. Lo lắng đến nỗi ngủ không ngon, tỉnh không yên. Sợ mình là người cuối cùng bị bỏ lại sau.",
qwen3-8b-4-dae6e1ee8f,"Hôm nay tôi đi dạo ở công viên gần nhà, thời tiết mát mẻ, mùa thu đang đến, lá vàng rơi rải rác theo chiều gió. Trong lúc tôi ngồi nghỉ bên cạnh cái ghế gỗ cũ, nghe tiếng lá xào xạc, thì thấy một nhóm người đang xổ lồ rồi vứt rác xuống hố rác. Tôi không hiểu sao họ lại làm như vậy, cứ như thể họ không biết rằng những thứ họ vứt đi sẽ bị thu gom, và rồi biến mất khỏi mặt đất. Khoảnh khắc đó khiến tôi thấy buồn, nhưng hơn cả là ghét, cảm giác như cả thế giới đang buông thả mình vào sự vô thức, vô trách nhiệm. Tôi không muốn nhìn thêm nữa, chỉ muốn quay về, để tâm mình được thanh thản.",
qwen3-8b-1-e8dad5e1bc,"Sáng nay, mẹ nói sẽ đi thăm bác ốm ở bệnh viện, nhưng đến chiều mới trở về, mặt mệt mỏi, tay cầm túi ni lông đựng vài hộp thuốc. Tôi nhìn mẹ ngồi im, không nói không cười, lòng bỗng thấy chùng xuống, buồn vì không biết nên an ủi hay hỏi điều gì. Trong căn nhà yên ắng, chỉ có tiếng đồng hồ tick-tick, như nhắc nhở tôi rằng ai đó đang đau, và tôi không thể làm gì hơn ngoài việc im lặng chịu đựng.",
llama-3-8b-instruct-5-da82a182e6,"Tôi ngồi yên trong phòng một chút, vừa mới nhận được tin rằng mình được nhận một công trình mới. Não đang chạy như bắp, không tin nổi vào tai mình. Phải đọc lại đến hai ba lần mới dám chắc là thật. Nhiệm vụ dài tuần vừa được hoàn thành, và tôi lại được tin báo rằng đã được nhận một công trình mới. Tôi không thể tin vào tai mình, như thể đang nằm trong giấc mơ. Cảm xúc trong tôi bung bung, như thể được cho một đợt năng lượng mới. Ít ai ngờ, ngày nay lại có thêm một niềm tin cho tôi.",
qwen3-8b-5-57397962c8,"Tự dưng trong lúc làm việc, mình nhận được tin nhắn từ đồng nghiệp nói mình đã được khen trong buổi họp hôm qua, lúc đó mình còn tưởng là nhầm lẫn, mà mình lại không biết mình đã làm tốt đến đâu. Giờ nghĩ lại, cảm giác như có người vỗ vai mình một cái, thật bất ngờ và vui.",
qwen3-8b-5-c2697c3147,"Sáng nay nhận được tin nhắn từ người ấy, tóm tắt vài dòng, nhưng tôi đọc hoang mang vì không hiểu rõ tình huống. Cái sự im lặng kéo dài sau đó khiến tôi tự hỏi liệu có phải là họ đã chấm dứt điều gì đó giữa chúng tôi hay không. Cảm giác bất ngờ và bối rối như thể mình đang đứng giữa một cơn mưa lớn, không biết mình sẽ lao về hướng nào.",
qwen3-8b-1-41cdaa1ab5,"Sáng nay có một việc nhỏ nhưng khiến tôi cảm thấy mình đang tiến được một bước nào đó, dù không rõ là bước nào. Tôi đã hoàn thành một dự án kéo dài hai tuần, từng nghĩ rằng mình sẽ không kịp. Khi nghĩ lại, thấy mình đã vượt qua những ngày tháng tưởng chừng sẽ không bao giờ kết thúc. Nhưng vừa rồi, tôi lại ngồi im lặng trong phòng, ngắm nhìn những file tài liệu cuối cùng, và thấy lòng mình đắng nhẹ. Không phải vì thất bại, mà vì sự chênh lệch giữa những gì mình mong đợi và những gì thực sự đã xảy ra. Có lẽ, mình đang học cách chấp nhận những điều không hoàn hảo, và đôi khi, sự thật đó lại khiến mình cảm thấy buồn.",
llama-3-8b-instruct-6-a788c99a67,"Tôi có một ngày tương đối yên tĩnh. Mọi việc đều diễn ra như thường lệ. Tới chiều, tôi nhận được tin tức từ công ty rằng dự án của tôi đã hoàn thành. Em cảm thấy rất thú vị, như thế nào, như một con sóng thần giáng vào bờ, đã tạo nên một hiệu ứng khó tả trong lòng tôi. Tôi cảm thấy tự tin hơn, như nếu bản thân có thể làm những điều đáng kể, cả ngày lẫn đêm.",
qwen3-8b-1-3be4318ca8,"Tôi vừa nhận được tin vui là mình đã được mời tham gia một dự án nhỏ, dù không lớn nhưng cũng đủ để thấy mình đang tiến bộ. Rồi tôi ngồi im lặng một lúc, nghĩ đến những gì mình đã trải qua, cảm giác như có ai đó đang níu kéo tôi lại, dù không nói ra.",
qwen3-8b-0-f2f4b3bd71,"Hôm nay mình cùng nhóm bạn đi café, vừa nói chuyện vừa cười đùa, ai cũng rủ nhau chụp ảnh, thấy mình thật sự vui và thoải mái. Cả buổi như được xả stress, lòng nhẹ nhõm hơn nhiều.",
llama-3-8b-instruct-1-299a94ab58,"Tôi ngồi học đến chiều, nhưng không thể tập trung được. Mọi thứ cứ quay quanh trong đầu, những con số và vấn đề, như một cơn sóng đẩy tôi đi. Tôi nhìn ra ngoài cửa, thấy người khác enjoying their free time, không có một chút lo lắng, tôi cảm thấy buồn hơn.

Mà tôi lại nhớ lại chuyện lúc sáng, khi tôi phải lên trường để làm những bài tập, và giờ đã tới chiều, tôi còn làm rất ít. Tôi không biết vì sao, cảm thấy như thế nào, nhưng cứ ngồi đó, không dám để người khác biết. Buồn. Tạm lặng.",
llama-3-8b-instruct-3-3e168df4c9,"Tiết lộ cho tôi thấy lo lắng không yên, cứ nghĩ đến ngày mai là tim lại đập nhanh. Sợ mình không chuẩn bị kịp, sợ mọi thứ vượt ngoài tầm kiểm soát. Tất cả những điều này làm cho tôi cảm thấy rất bối rối, không thôi thúc tôi chuẩn bị thật kỹ cho những ngày tới.",
qwen3-8b-4-ea8de4c5eb,"Chiều nay tôi được đồng nghiệp khen ngợi vì đã hoàn thành được một dự án nhỏ, dù không lớn nhưng cũng đủ để tôi cảm thấy hài lòng. Tuy nhiên, điều làm tôi thấy khó chịu là cách một số người trong nhóm đã nói về thành tích ấy, như thể chúng tôi chỉ là những cái cogs vô tri trong một hệ thống lớn lao. Điều đó khiến tôi cảm thấy mình không được tôn trọng, dù mọi việc vẫn diễn ra bình thường.",
llama-3-8b-instruct-3-8e2d1a8144,"Mùa dịch bệnh, khi toàn bộ xã hội phải sống trong một quy tắc khốn nạn, tôi lại phải đối mặt với vấn đề sức khỏe. Tự nhiên thấy lo lắng không yên, cứ nghĩ đến ngày mai là tim lại đập nhanh. Sợ mình không chuẩn bị kịp, sợ mọi thứ vượt ngoài tầm kiểm soát. Tôi tưởng chừng mình đã chuẩn bị đủ, nhưng khi nghĩ lại, thì lại có những điều nhỏ bé nhưng quan trọng, những điều mình quên trong lúc bận rộn. Tim tôi lại đập nhanh, và tôi lại lo lắng. Có khi nào mình không lo lắng, có khi nào mình không sợ, nhưng trong lúc này, tôi chỉ cảm thấy như thế.",
llama-3-8b-instruct-3-ca0e73753b,"Tôi ngồi tại ghế học, tay giữ bút, mắt hướng về giấy tờ công việc. Nhưng cái đầu lại lo lắng, cứ nghĩ đến ngày mai là tim lại đập nhanh. Sợ mình không chuẩn bị kịp, sợ mọi thứ vượt ngoài tầm kiểm soát. Tôi nghĩ về những công việc cần hoàn thành, về những nguy cơ có thể xảy ra. Sợ rằng mình không đủ khả năng để đối mặt với những thách thức. Sợ rằng những thành viên trong nhóm sẽ phụ thuộc vào tôi và tôi không thể làm tròn trách nhiệm. Tim của tôi đập mạnh, tôi cố gắng bình tĩnh, nhưng cảm giác lo lắng không thể đẩy đi.",
llama-3-8b-instruct-1-42918d667d,"Cả ngày vừa qua, tôi mới có một thành công nhỏ. Em được công ty phê duyệt một đề án kinh doanh mới. Nhưng cái cảm xúc trong tôi không bằng như những người khác. Tôi không thể cảm nhận hạnh phúc, chỉ cảm thấy buồn.

Nghiệp xong, tôi ngồi lại nhà, nhìn quanh và nghĩ lại chuyện lúc sáng. Tôi nhớ lại những ngày học, những khó khăn, những đêm tỉnh. Tất cả những khó khăn đã qua, giờ tôi mới có một thành công. Nhưng lại không thấy hạnh phúc. Cảm giác buồn cứ đeo mặt.",
qwen3-8b-6-6cdd0bf252,"Hôm nay mình lại lặp lại một thói quen cũ, ngồi trước máy tính, nhìn màn hình xanh lè mà chẳng biết viết gì. Chắc là vì mình quá mệt, hay có lẽ vì tâm trạng của mình đang ở trong một trạng thái ""bình thường nhưng không thật sự bình thường"". Mình không buồn, không vui, chỉ là cảm thấy như đang lơ lửng giữa không trung, không biết mình đang ở đâu. Có khi mình cũng muốn cười vào sự yếu đuối của mình, nhưng rồi lại thấy buồn vì sao mình lại yếu đuối đến vậy.",
llama-3-8b-instruct-4-aec503f6ba,"Mưa hôm qua tôi tham gia một buổi thực tập tại công ty, để cải thiện kỹ năng tiếng Anh. Tôi dự định sẽ tham gia với một nhóm người khác, nhưng khi đến nơi, tôi thấy toàn bộ nhóm những người này ngồi quanh một bàn với vẻ mặt sững sình. Tôi không hiểu sao họ lại làm chuyện đó được. Họ ngồi nhìn người khác, chứ không làm gì cả, và cả nhóm không có nói gì với nhau. Tôi cảm thấy ghê, chỉ muốn chạy đi ngay lập tức.

Tôi không thể hiểu sao họ lại có thể ngồi yên đó được, khi có thể làm nhiều chuyện khác hơn. Tôi thấy phiền toái và chán nản. Buổi thực tập của tôi đã trở thành một kinh nghiệm khó khăn.",
llama-3-8b-instruct-6-f15e0275fc,"Tôi đi khám bệnh chiều nay và nghe bác sĩ nói rằng tôi bị viêm phổi. Tôi không hiểu sao mình lại bị như vậy, thậm chí tôi còn chán đến mức không muốn đi khám bệnh nữa. Nhưng sau khi được giải quyết xong, tôi lại cảm thấy hơi buồn và lo lắng. Đừng như thế, mình sẽ phải chịu đau  trong một tuần nữa.",
llama-3-8b-instruct-4-2967520737,"Mẹ tôi lại nấu đói hôm nay. Tôi không hiểu sao cô ta có thể ra tay nấu một món ăn như vậy. Có lúc tôi tưởng cô ta có thể nấu được một cái bánh pizza, nhưng dường như không thể. Bánh pizza của cô ta đúng là một thứ ""đói"" thật sự.",
qwen3-8b-0-6d4ae42620,"Hôm nay mình có một khoảng thời gian thật yên bình và thoải mái, khiến mình cảm thấy như đang được nghỉ ngơi giữa nhịp sống hối hả. Mình dành cả buổi chiều để ngồi đọc một cuốn sách cũ, những trang giấy mỏng manh nhưng vẫn giữ nguyên hình dáng của nó, như thể nó đang kể lại câu chuyện của mình. Mình không vội vàng, không lo lắng, chỉ đơn giản là nghe tiếng gió thổi qua cửa sổ, nghe tiếng mình thở đều đều. Mình cảm thấy rất vui, không phải vui sướng kiểu hào nhoáng, mà là một sự thư giãn sâu thẳm từ bên trong, khiến mình muốn giữ lấy cảm giác ấy thật lâu.",
llama-3-8b-instruct-4-afd0ed6cf0,"Từng cố gắng tập thực tập với một vấn đề new, nhưng thật là khó chịu. Sáng nay, chúng tôi được yêu cầu làm một tiểu luận dài, và tôi mới thấy rằng mình không thể nghĩ ra một ý nào. Mọi ý của tôi đều như nhau, rất tầm thường. Và sau đó, bạn bè của tôi lại đi nói chuyện với nhau, để cho mình cảm thấy vô cùng ức oán. Từng cảm thấy mình không thể làm gì hơn, chỉ muốn bỏ cuộc và đi chơi. Từng muốn nói cho ai đó biết, nhưng dường như mình không thể làm được. Rất ghê, rất ức oán.",
qwen3-8b-0-1316902c02,"Sáng nay đi học về, mình ngồi yên một góc lớp, lướt qua từng trang bài làm, thấy lòng nhẹ nhõm hơn nhiều. Cảm giác như mình đã vượt qua một cơn thử thách nhỏ, không còn nặng trĩu những nỗi lo lắng như hôm trước. Mình không biết mình có giỏi không, nhưng lúc này, mình thấy mình đang ở trong một khoảnh khắc thật yên bình và vui vẻ.",
qwen3-8b-0-7b416bf598,"Hôm nay mình và đám bạn quyết định ""đi ăn"" nhưng hóa ra là đi ""đi chơi"" – ăn liên tục, cười liên hồi, nói chuyện như gà nói tiếng Việt, cuối cùng cả nhà mình đều mệt nhưng vui mà không biết vì sao.",
llama-3-8b-instruct-4-2a98336e4e,"Tôi đang ngồi ở nhà, không hiểu sao thời tiết hôm nay lại tồi tệ đến thế. Mưa rào vào như thế, ngô ngô nước đến ngã ngã. Tôi thật khinh ghê vì cái ngày này, chỉ muốn ở trong nhà và xem phim thôi.

Tâm trạng tôi thật tồi tệ, không hiểu sao người ta có thể xem mặt trời với nắng rào như vậy. Tôi chỉ muốn ẩn mặt, tránh mặt trời và những cơn mưa rào ghê rợ. Ngô ngô, tôi cảm thấy như thế, ghê và buồn.",
llama-3-8b-instruct-1-7a4ef81d26,"Cả ngày trôi qua như thế, tôi chỉ biết ngồi im lặng, không muốn làm gì. Mẹ tôi lại gọi tôi vào bếp, nói dối rằng cần giúp đỡ trong việc nấu ăn, nhưng tôi biết mình chẳng có tác động gì. Thậm chí, tôi còn không thể chịu được mùi của những cua rang vàng, thứ mình luôn yêu thích. Tới giờ đó, tôi chỉ biết buồn, buồn với mình, buồn với cuộc sống.",
qwen3-8b-2-a4c2a5a978,"Sáng nay, mình có dịp hoàn thành một dự án nhỏ mà mình đã theo đuổi suốt vài tuần. Khi nhìn thấy sản phẩm cuối cùng được giao thành công, cảm giác bừng sáng trong lòng khiến mình không khỏi xúc động. Cảm giác vui sướng ấy không pha lẫn cảm xúc khác, chỉ có sự hài lòng tinh tế khi biết mình đã thật sự làm được điều gì đó.",
qwen3-8b-3-1297b2592b,"Tôi ngồi im lặng bên cạnh cửa sổ, nhìn bóng chiều mờ nhạt dần, lòng như bị ai đó bóp nhẹ từ bên trong. Cơn ho và khó thở đến từng cơn, khiến tôi không thể che giấu sự thật: cơ thể đang dần rời xa tôi. Tôi sợ, không phải vì cái chết, mà vì những điều sẽ không còn xảy ra nữa.",
llama-3-8b-instruct-1-4938df0fb5,"Chính từ hôm qua, tôi lại phải trải qua một ngày nữa với sự lo lắng về tiền. Chi tiêu quá nhiều, thu nhập lại quá thấp. Cảm giác chán ngã, như mình đã bị vây bắt trong một vòng luân.

Tối hôm nay, tôi ngồi trên ghế, không muốn làm gì, chỉ nghĩ lại chuyện cũ. Nỗi lo về tiền cứ ngốn trong đầu, không cho tôi yên.",
llama-3-8b-instruct-0-309efff2ee,"Hôm nay, sau khi hoàn thành cuộc thực tập, tôi cảm thấy rất vui vẻ. Được tham gia vào một đội ngũ người học cùng với nhau, chia sẻ kinh nghiệm và ý tưởng, tôi cảm thấy mình đã được ""mở ra"" một cách toàn diện. Mọi người trong đội ngũ đều rất thân thiện, thoải mái, và tôi thấy mình có thể chia sẻ thoải mái hết mình. Cuộc thực tập hôm nay giúp tôi học được nhiều thứ, và tôi cảm thấy rất hạnh phúc sau khi hoàn thành.",
llama-3-8b-instruct-0-1886fde430,"Tôi vừa kết thúc một ngày làm việc dài, cảm thấy mình được ""ngủ"" một chút. Theo đó, họ và tôi lại ngồi một góc cafe sau giờ làm, chuyện trò ngù ngù về tương lai, về những giấc mơ và những giấc mộng. Nhiệm vụ, những vấn đề và những lo lắng bấy giờ dường như đều trở về đâu.",
qwen3-8b-4-827756c7e0,"Chiều nay, mình phải chứng kiến một đồng nghiệp xả rác công ty ngay giữa hành lang, thay vì đưa ra nơi quy định. Cảm giác ghê rợn, như thể mình đang đứng trước một hành vi vô văn minh, không biết chừa đường nào để thở.",
qwen3-8b-5-8f4c735232,"Chiều hôm qua, trong lúc lướt qua vài dòng tin nhắn trên mạng xã hội, mình bất ngờ nhận được một tin nhắn từ người bạn cũ, người mà mình nghĩ là đã không còn liên lạc suốt nhiều năm nay. Mình ngưng tay, tim đập nhanh hơn, không thể hiểu vì sao họ lại gửi tin nhắn vào lúc này. Tin nhắn ngắn gọn, chỉ vài chữ: ""Có chuyện cần nói với bạn"". Cái cảm giác bất ngờ ấy khiến mình hồi hộp, dò dẫm trong ký ức, cố tìm lại hình ảnh của người ấy trong quá khứ, như một mảnh ghép bị lạc mất rồi bỗng dưng lại xuất hiện giữa dòng đời. Cái surprise ấy không chỉ là tin nhắn, mà còn là một lời nhắc nhở về những mối quan hệ đã ngủ quên trong tâm tưởng mình.",
qwen3-8b-3-7c18fec6c7,"Tôi ngồi trước trang giấy, tay run run như có gì đó đang kéo từ trong người ra, cứ nghĩ đến bài thi mai là tim mình như muốn ngừng đập. Trong đầu toàn là những câu hỏi, những điều chưa chuẩn bị, sợ mình sẽ lỡ mất, sợ mình sẽ không đủ giỏi để vượt qua. Từng lúc một, tôi cảm thấy nỗi sợ bao phủ cả người, thật sự không biết mình có đủ can đảm để bước vào cái ngày đó không.",
qwen3-8b-3-9779ef942b,"Tôi không biết mình đã lỡ mất điều gì, chỉ biết rằng mọi thứ đã thay đổi, và tôi không thể quay lại như trước. Nỗi sợ không phải là vì tương lai, mà là vì quá khứ, vì những gì đã qua, và không thể trở lại.",
qwen3-8b-3-1901c55969,"Ngày hôm nay mình thật sự đã sợ đến độ tưởng như mình đang trong một bộ phim kinh dị. Mình không biết vì sao, nhưng cứ thấy mình đang đứng trước một đống công việc chưa xong, một cái bụng rỗng, và một cái đầu như muốn vỡ. Mình nghĩ chắc là mình đang bị sốc, vì sao lại có cảm giác như mình đang lâm bệnh viện tâm thần vậy? Mình sợ không kịp làm việc, sợ mình sẽ bị đau đầu, sợ mình sẽ không ăn nổi trưa, sợ cả cái cảm giác mệt mỏi cứ tràn về như nước. Đúng là sợ đến mức mình muốn xỉu ngay lúc này, nhưng lại sợ ngủ thì sáng mai còn tệ hơn. Mình thật sự cần một ly nước, một cái gối, và một lời an ủi từ ai đó.",
llama-3-8b-instruct-2-6504502039,"Mẹo tôi lại ốm dậy, và tôi cảm thấy như được chọc chặn vào con đường. Bức xúc, tức giận, tôi chán ngào với người khác, không muốn ai tiếp xúc với tôi nữa.",
qwen3-8b-4-a279b706e2,"Tôi nhìn thấy một video lên mạng, trong đó người ta bắt một con mèo và kéo nó đi bằng dây, còn miệng thì cười, không có vẻ gì đau đớn. Cảm giác ghê gợp và chán ghét, như thể họ đang đùa cợt với sự đau khổ của người khác.",
qwen3-8b-0-83dacaf31a,"Hôm nay em thi xong môn mình thích nhất, cảm giác như được bay thật, cứ nghĩ đến cái khoảnh khắc đó mà lòng vẫn hào hứng, nhẹ nhõm như vừa trốn khỏi lớp học suốt cả tuần.",
llama-3-8b-instruct-5-962a1cb716,"Tôi vừa nhận được tin xấu. Người ấy có gọi điện, nói rằng không thể nữa. Tôi ngỡ như bị đâmstraight vào tim. Thực sự không thể tin được.",
llama-3-8b-instruct-4-28532478f4,"Lần gặp anh sau dịp họp mặt, tôi cảm thấy khó chịu đến tận răng. Xem anh ăn uống quá nhiều, uống rượu nhiều hơn, rồi chửi mắng người khác, tôi không hiểu sao anh có thể làm chuyện như vậy được. Tôi đã quen với anh từ trước, nhưng giờ tôi cảm thấy như thể không quen nhau. Xem anh biến đổi như vậy, tôi không biết nên nói gì, nên làm gì. Tôi chỉ cảm thấy buồn và đau đớn vì dịp họp mặt vốn được hy vọng là dịp gặp gỡ, chia sẻ và vui vẻ.",
llama-3-8b-instruct-2-e7eda305ee,"Tôi mới gặp một việc khiến tôi tức lắm. Người khác lại nguyền tôi là nói sai, nhưng tôi không bao giờ nói sai. Có ai tin tôi đâu? Càng nghĩ càng tức, chỉ muốn đóng sầm cửa lại rồi ngồi im một lúc cho hạ hỏa.",
qwen3-8b-2-807c66c1d3,"Chiều nay, mình lại một lần nữa cảm thấy mình như người ngoài cuộc, đứng im giữa dòng người xô đẩy, không ai nhìn thấy mình đang đau đớn đến mức nào. Anh ấy đã nói những lời mà mình từng mơ ước sẽ được nghe, nhưng lại trong hoàn cảnh ngược lại, khiến mình muốn chôn chặt mọi cảm xúc vào trong lòng. Mình không giận anh ấy, nhưng cũng không biết mình đang giận điều gì. Chỉ có sự xa cách, sự im lặng giữa hai người, và mỗi lúc một vỡ tan như những mảnh kính màu, vỡ từng mảnh nhỏ, không còn cách nào dính lại.",
qwen3-8b-1-aba82982e5,"Hôm nay mình thấy mệt quá, ngay cả việc đứng dậy cũng khó. Có cảm giác như cơ thể mình đang nặng nề, không muốn làm gì cả, chỉ muốn trốn trong chiếc chăn, ngủ thật lâu.",
llama-3-8b-instruct-3-80e90c7347,"Tôi nhớ ngày hôm nay, khi ngồi ôm lấy chai cafe trong ban công, tôi không thể quên được nỗi lo lắng. Không ai bảo tôi sẽ lo lắng thế, nhưng điều gì lại làm cho tôi nhớ đến ngày mai? Bao nhiêu thứ đang được diễn ra, bao nhiêu vấn đề đang chờ tôi giải quyết. Tim tôi lại đập nhanh, giọng nói tôi ngất ngã. Sợ mình không chuẩn bị kịp, sợ mọi thứ vượt ngoài tầm kiểm soát. Sợ bị bỏ rơi, sợ mất người yêu. Tất cả những điều đó đã đẩy tôi vào một cơn lo lắng không giải.",
llama-3-8b-instruct-5-1479042f7c,"Tôi vừa nhận được tin báo rằng mình đã trúng thưởng một phần quà nhỏ. Ít ra, không tin nổi, tôi cứ nghĩ rằng phải là một sự nhầm lẫn. Phải đọc lại đến hai ba lần mới dám chắc là thật. Sợ rằng sẽ bị xước vào tai, nhưng sau khi đọc lại lần thứ hai, thì tôi mới tin được. Vừa lúc ấy, tôi cảm thấy như được ngoạm khí. Cho đến giờ, tôi vẫn chưa thể tin rằng mình đã trúng thưởng. Tất nhiên, không thể giấu giặng niềm vui của mình. Ít ra, tôi đã điên loạn lên, thậm chí cả chạy lại qua lại vài lần. Ít ra, đã đùng là một ngày đặc biệt.",
llama-3-8b-instruct-0-c78e6d8bdc,"Hôm nay tôi thực sự rất hồi hứng sau khi giải quyết xong công việc khó khăn. Có một chút công hiệu nhỏ đó, khiến tôi cảm thấy rất vui, thậm chí đến tận cuối ngày. Qua một ngày làm việc tốn thời gian, tôi mới lại có thể tìm ra chút hạnh phúc từ việc giải quyết vấn đề.",
llama-3-8b-instruct-2-e9c9a2e2b5,"Tôi lại bị ngán vì bị cho là không biết công việc của mình. Mấy người khác lại nghĩ là tôi chỉ biết ngồi ngao, không có chút hiểu biết nào. Cảm ức lại ồn ào trong đầu, chỉ muốn lên tiếng để cho người khác biết sự thật, nhưng... xong, xong, xong, thì người khác đã quay mặt lại.",
llama-3-8b-instruct-4-e26cc72f63,"Trong phòng thực tập, tôi chợp chở những mùi khác nhau trong phòng thí nghiệm. Mùi chất kích thích, mùi hoá chất, mùi khói... tôi không thể tưởng tượng ra một không gian khác hơn thế. Cảm giác của tôi là ghê, như thể đang bị bao vây bởi những thứ có thể gây nguy hiểm. Tôi không hiểu sao người ta có thể tiếp tục làm việc trong một môi trường như vậy. Mùi của những chất độc hại còn lưu lại trong không khí, làm tôi giật mình mỗi khi mở cửa phòng. Tôi cảm thấy như thể mình đang sống trong một thế giới khác, xa xa với cuộc sống hằng ngày của mình. Từng phút giây, tôi đều cảm thấy bị chôn vẹn trong một thế giới của hoá chất và mùi chất độc hại.",
qwen3-8b-4-d63bfeaf79,"Chiều hôm qua, mình bắt gặp một cảnh tượng thật sự khiến mình cảm thấy ghê tởm. Một người đàn ông đang ném rác bừa bãi xuống chân đường, không phân biệt gì cả, như thể hành động đó là chuyện hết sức bình thường. Mình cảm thấy mình đang sống trong một thế giới không còn giới hạn, mà con người cũng như rác — được vứt đi, không được coi trọng. Cảm giác đó khiến mình bỗng dưng thấy buồn và mất phương hướng.",
qwen3-8b-5-2f649f2129,"Buổi sáng nay, tôi vừa thức dậy đã cảm thấy cơ thể nặng nề, như thể toàn bộ tinh lực đã bị rút cạn. Khi vừa mở mắt, tôi không khỏi hoảng hốt vì không thể ngồi dậy, chân tay tê liệt, giọng nói khản đặc. Mới đầu tôi nghĩ mình đang mộng du, nhưng khi cố gắng cử động, sự thật đã bàng hoàng đến mức tôi không thể tin vào chính mình. Cảm giác như một cơn giật mình giữa lúc yên lặng, khiến tôi bừng tỉnh rằng sức khỏe của mình đang rẽ sang một hướng không lường trước.",
qwen3-8b-1-f2bca6f64b,"Chiều nay ngồi nhìn đồng hồ đếm từng phút trôi qua, lòng nặng trĩu bởi những khoản chi tiêu phát sinh đột ngột. Mình biết mình đã lỡ kế hoạch, nhưng thật ra mình cũng không rõ mình đã lỡ điều gì. Có lẽ là sự kiểm soát, là sự cân bằng giữa cuộc sống và tiền bạc, mà giờ đây dường như đang chệch hướng.",
llama-3-8b-instruct-4-9d0450a822,"Hôm nay, tôi thực tập lại với một người đồng nghiệp mới. Tôi chưa từng thấy người này trước, nhưng tôi nghe đã có tiếng về người này là một chuyên gia trong lĩnh vực của tôi. Khi chúng tôi ngồi xuống để thảo luận về công việc, tôi vô cùng bất ngờ. Người này hoàn toàn không có chút chuyên môn, thậm chí không có chút hiểu biết về lĩnh vực này. Tôi cảm thấy vô lực, ngã ngã và thậm chí ghê cả người.

Tôi không hiểu sao người ta có thể coi mình là một chuyên gia trong lĩnh vực này. Tôi nghĩ rằng người này chỉ đơn giản là người quen biết, không có chút kinh nghiệm hay kiến thức về lĩnh vực này. Tôi cảm thấy vô cùng thất vọng, nghĩ rằng mình đã bị lừa. Tôi không thể tin rằng người này có thể được coi là một chuyên gia. Tôi cảm thấy như thể mình đang ở trong một thế giới khác, xa xa xa so với cái thế giới thực sự.",
qwen3-8b-0-01df33efae,"Sáng nay tôi ngồi im lặng bên cạnh bàn học, mắt vẫn còn lờ lem do thiếu ngủ, nhưng tay thì vẫn mò mẫm từng trang sách. Không có tiếng động nào xung quanh, chỉ có tiếng đồng hồ chạy đều đặn, như một người bạn nhắc nhở tôi về sự trôi chảy của thời gian. Tôi cố gắng tập trung vào từng câu chữ, từng con số, từng chữ trong đề thi, nhưng cảm giác như mình đang lướt qua một dòng sông, không bao giờ chạm đến bờ. Dù vậy, trong khoảnh khắc ấy, tôi cảm thấy thật yên bình, như thể mọi thứ đang ở trong tầm kiểm soát, dù thực ra thì tôi không hề biết mình đang làm gì. Đó là một sự yên lặng không vui, mà lại có chút ngọt ngào, giống như đang được ngồi trong phòng riêng, nghe tiếng tim mình đập đều, trong khi thế giới ngoài kia vẫn vội vã qua đi.",
qwen3-8b-1-799109ebe3,"Sáng nay đi thực tập như thường lệ, nhưng hôm nay mình cứ thấy buồn không hiểu sao. Việc cũ vẫn làm như bình thường, nhưng lòng mình cứ trống rỗng, như đang nhìn cuộc đời qua một lớp kính mờ. Mình không biết vì sao, chỉ biết mình cần vài phút im lặng để thở.",
llama-3-8b-instruct-2-9d978c4b5f,"Tôi giận ngã vì anh không chịu lắng nghe tôi giải thích. Càng nói càng ngã, chỉ muốn đóng cửa lại rồi ngồi im một lúc cho hạ hỏa. Sao anh lại không hiểu được? Sao anh lại không coi tôi là người bình thường?",
llama-3-8b-instruct-0-45a2c3af3d,"Tôi không thể quên khoảnh khắc hôm nay khi đi chơi với người yêu. Sau khi uống cà phê với nhau, chúng ta đi dạo quanh công viên, nói chuyện và cười lả tả. Không khí xung quanh thật là đẹp, mát mẻ và yên tĩnh, như thể chúng ta là những người đầu tiên khám phá ra cả thế giới. Khi nhìn vào người yêu, tôi thấy mắt ngời lên, như thể cả vũ trụ đang được mở ra trước mặt. Thật khó thể tả cảm xúc của tôi, nhưng tôi biết rằng chính là lúc này, tôi mới hiểu rõ hơn giá trị của những khoảnh khắc như thế.",
llama-3-8b-instruct-3-abb017f73a,"Tôi đi ra ngoài với ý định dọn dẹp sau này. Nhưng trời đã đổ mưa, và tôi lại phải về. Tôi cảm thấy lo lắng, nhớ đến ngày mai. Sợ mình không chuẩn bị kịp, sợ mọi thứ vượt ngoài tầm kiểm soát. Tim tôi đập nhanh, và tôi ngồi xuống ghế, ngã đầu vào tay. Sao trời lại đổ mưa, làm cho tôi lo lắng thế? Vì vậy, tôi quyết định dừng lại và suy nghĩ. Sợ tôi không thể chống lại các khó khăn, sợ không có cách nào để giải quyết vấn đề. Nghiệp của tôi trở thành vấn đề của tôi. ð",
